City_ID,City,Country,Date,Lat,Lng,Max Temp,Humidity,Cloudiness,Wind Speed
0,Punta Arenas,CL,2021-12-20 19:05:52,-53.15,-70.9167,55.51,54,40,35.68
1,Hobart,AU,2021-12-20 19:08:27,-42.8794,147.3294,60.26,55,75,12.66
2,Bowen,AU,2021-12-20 19:12:56,-20.0167,148.2333,78.12,73,100,9.57
3,Porto Novo,BJ,2021-12-20 19:12:56,6.4965,2.6036,80.28,57,83,5.61
4,Filingue,NE,2021-12-20 19:12:56,14.3521,3.3168,74.39,14,0,11.07
5,Kruisfontein,ZA,2021-12-20 19:12:57,-34.0033,24.7314,69.89,86,83,13.29
6,Brae,GB,2021-12-20 19:12:57,60.3964,-1.353,37.31,74,50,2.75
7,Rikitea,PF,2021-12-20 19:12:57,-23.1203,-134.9692,75.52,81,100,20.36
8,Thompson,CA,2021-12-20 19:12:58,55.7435,-97.8558,-5.98,92,100,7.96
9,Necochea,AR,2021-12-20 19:12:58,-38.5473,-58.7368,71.04,61,36,15.32
10,Albany,US,2021-12-20 19:12:59,42.6001,-73.9662,35.58,61,24,1.01
11,Alofi,NU,2021-12-20 19:12:59,-19.0595,-169.9187,79.75,76,80,16.98
12,Belmonte,BR,2021-12-20 19:12:59,-15.8631,-38.8828,73.9,92,100,5.12
13,Batemans Bay,AU,2021-12-20 19:13:00,-35.7167,150.1833,62.91,84,45,3.8
14,Port Hedland,AU,2021-12-20 19:13:00,-20.3167,118.5667,82.45,83,11,8.05
15,Kavieng,PG,2021-12-20 19:05:53,-2.5744,150.7967,80.85,79,100,8.12
16,Itarema,BR,2021-12-20 19:07:19,-2.9248,-39.9167,85.64,61,69,16.02
17,Saint-Philippe,RE,2021-12-20 19:13:01,-21.3585,55.7679,78.39,83,92,9.42
18,Dikson,RU,2021-12-20 19:13:02,73.5069,80.5464,-19.86,96,100,10.49
19,Kodiak,US,2021-12-20 19:13:02,57.79,-152.4072,33.31,80,40,5.75
20,Hermanus,ZA,2021-12-20 19:07:14,-34.4187,19.2345,68.81,80,97,17.58
21,Anloga,GH,2021-12-20 19:13:02,5.7947,0.8973,82.6,58,24,11.56
22,Jamestown,US,2021-12-20 19:10:48,42.097,-79.2353,38.79,61,1,10.0
23,Arauca,CO,2021-12-20 19:13:03,7.0847,-70.7591,91.13,42,91,5.61
24,Port Alfred,ZA,2021-12-20 19:06:01,-33.5906,26.891,70.2,88,44,25.03
25,Rocha,UY,2021-12-20 19:13:03,-34.4833,-54.3333,83.19,42,1,12.12
26,North Platte,US,2021-12-20 19:13:04,41.1239,-100.7654,33.69,56,1,5.99
27,Mataura,NZ,2021-12-20 19:13:04,-46.1927,168.8643,53.47,86,100,11.43
28,Tasiilaq,GL,2021-12-20 19:05:57,65.6145,-37.6368,30.36,63,99,5.1
29,Khash,IR,2021-12-20 19:13:05,28.2211,61.2158,54.18,51,100,2.28
30,Carnarvon,AU,2021-12-20 19:13:05,-24.8667,113.6333,73.47,78,0,16.11
31,Aranda De Duero,ES,2021-12-20 19:13:05,41.6704,-3.6892,46.38,63,100,2.46
32,Salinopolis,BR,2021-12-20 19:07:04,-0.6136,-47.3561,84.47,66,92,12.68
33,Nikolskoye,RU,2021-12-20 19:13:06,59.7035,30.7861,8.8,96,100,6.98
34,San Bartolome De Tirajana,ES,2021-12-20 19:13:06,27.9248,-15.5733,58.51,87,20,10.36
35,Puerto Ayora,EC,2021-12-20 19:13:07,-0.7393,-90.3518,80.56,86,100,5.99
36,Ushuaia,AR,2021-12-20 19:11:27,-54.8,-68.3,55.02,66,40,39.12
37,Uyuni,BO,2021-12-20 19:13:07,-20.4597,-66.825,60.06,43,98,8.43
38,Raudeberg,NO,2021-12-20 19:13:07,61.9875,5.1352,34.2,72,100,4.29
39,Saposoa,PE,2021-12-20 19:13:08,-6.934,-76.7716,90.41,53,62,1.97
40,Hamina,FI,2021-12-20 19:13:08,60.5697,27.1979,13.28,87,100,10.09
41,Pisco,PE,2021-12-20 19:13:08,-13.7,-76.2167,69.85,78,20,8.05
42,Qaanaaq,GL,2021-12-20 19:13:09,77.484,-69.3632,22.51,66,100,10.54
43,Barrow,US,2021-12-20 19:13:09,71.2906,-156.7887,17.62,79,75,36.82
44,Kavaje,AL,2021-12-20 19:13:09,41.1856,19.5569,41.16,67,0,4.52
45,Atuona,PF,2021-12-20 19:13:10,-9.8,-139.0333,77.63,71,0,12.39
46,New Norfolk,AU,2021-12-20 19:14:10,-42.7826,147.0587,59.92,54,97,4.0
47,Souillac,MU,2021-12-20 19:14:11,-20.5167,57.5167,77.36,78,64,6.04
48,Avarua,CK,2021-12-20 19:14:11,-21.2078,-159.775,78.85,78,20,4.61
49,La Palma,US,2021-12-20 19:14:12,33.8464,-118.0467,68.11,60,20,1.01
50,Bambous Virieux,MU,2021-12-20 19:14:12,-20.3428,57.7575,77.22,78,48,7.05
51,Leningradskiy,RU,2021-12-20 19:14:13,69.3833,178.4167,-11.49,66,100,17.02
52,Cape Town,ZA,2021-12-20 19:10:09,-33.9258,18.4232,79.27,64,100,4.0
53,Kokopo,PG,2021-12-20 19:14:13,-4.352,152.2633,75.24,92,100,7.49
54,Saint Anthony,US,2021-12-20 19:14:14,45.0205,-93.218,25.25,59,1,5.99
55,Airai,TL,2021-12-20 19:14:14,-8.9266,125.4092,62.13,93,100,1.39
56,Topolobampo,MX,2021-12-20 19:14:14,25.6,-109.05,76.05,28,1,9.22
57,Liverpool,GB,2021-12-20 19:14:04,53.4106,-2.9779,42.3,85,90,1.99
58,Khatanga,RU,2021-12-20 19:07:09,71.9667,102.5,-14.89,97,97,11.5
59,Walvis Bay,NA,2021-12-20 19:14:15,-22.9575,14.5053,65.08,79,0,7.72
60,Tuktoyaktuk,CA,2021-12-20 19:14:15,69.4541,-133.0374,-0.63,96,100,20.18
61,Turukhansk,RU,2021-12-20 19:14:16,65.8167,87.9833,-34.73,95,20,3.24
62,Reconquista,AR,2021-12-20 19:14:16,-29.15,-59.65,105.58,21,92,8.7
63,Aracati,BR,2021-12-20 19:14:16,-4.5617,-37.7697,85.86,60,94,12.88
64,Westport,US,2021-12-20 19:10:46,41.1415,-73.3579,38.77,49,1,1.01
65,Nanma,CN,2021-12-20 19:14:17,36.1817,118.1583,38.88,42,0,3.44
66,Tabou,CI,2021-12-20 19:14:17,4.423,-7.3528,81.09,78,10,9.22
67,Kifri,IQ,2021-12-20 19:14:18,34.6959,44.9661,59.86,65,0,25.57
68,Axim,GH,2021-12-20 19:14:18,4.8699,-2.2405,80.83,72,76,8.84
69,Port Augusta,AU,2021-12-20 19:14:18,-32.5,137.7667,62.74,75,0,10.87
70,Mehamn,NO,2021-12-20 19:07:19,71.0357,27.8492,28.31,70,100,6.8
71,Talara,PE,2021-12-20 19:14:19,-4.5772,-81.2719,79.56,65,0,18.41
72,Kostomuksha,RU,2021-12-20 19:14:19,64.571,30.5767,9.99,88,100,11.34
73,Geraldton,AU,2021-12-20 19:14:19,-28.7667,114.6,70.21,83,40,17.27
74,Baykit,RU,2021-12-20 19:14:20,61.67,96.37,-28.66,99,17,1.23
75,Vardo,NO,2021-12-20 19:14:20,70.3705,31.1107,28.38,69,75,13.8
76,Wajima,JP,2021-12-20 19:14:20,37.4,136.9,52.99,68,86,22.91
77,Sicamous,CA,2021-12-20 19:14:21,50.8331,-118.9856,20.39,91,64,0.94
78,Vrangel,RU,2021-12-20 19:14:21,42.7297,133.0839,33.22,72,19,16.98
79,Hilo,US,2021-12-20 19:11:04,19.7297,-155.09,73.13,43,90,5.75
80,Jumla,NP,2021-12-20 19:14:22,29.2747,82.1838,33.37,41,64,4.94
81,Ribeira Grande,PT,2021-12-20 19:14:22,38.5167,-28.7,59.4,82,40,19.57
82,Upernavik,GL,2021-12-20 19:07:15,72.7868,-56.1549,29.26,63,100,4.0
83,Butaritari,KI,2021-12-20 19:14:23,3.0707,172.7902,82.2,67,100,12.57
84,Tilichiki,RU,2021-12-20 19:14:23,60.4667,166.1,-3.12,96,100,8.9
85,Mount Gambier,AU,2021-12-20 19:14:23,-37.8333,140.7667,55.31,100,90,8.05
86,Bredasdorp,ZA,2021-12-20 19:14:24,-34.5322,20.0403,68.29,90,83,15.14
87,Narsaq,GL,2021-12-20 19:14:25,60.9167,-46.05,50.22,64,86,15.64
88,Fortuna,US,2021-12-20 19:14:26,40.5982,-124.1573,57.85,66,1,11.99
89,Clyde River,CA,2021-12-20 19:03:16,70.4692,-68.5914,14.83,95,100,2.64
90,Severo-Kurilsk,RU,2021-12-20 19:15:26,50.6789,156.125,22.59,70,100,5.41
91,Saint George,US,2021-12-20 19:13:18,37.1041,-113.5841,52.32,48,1,1.01
92,Hithadhoo,MV,2021-12-20 19:15:26,-0.6,73.0833,81.14,77,100,2.13
93,Kapaa,US,2021-12-20 19:05:48,22.0752,-159.319,75.52,75,20,5.01
94,Port Elizabeth,ZA,2021-12-20 19:15:27,-33.918,25.5701,71.1,94,20,13.8
95,Codrington,AU,2021-12-20 19:15:27,-38.2667,141.9667,61.16,69,100,12.19
96,Kailua,US,2021-12-20 19:15:27,21.4022,-157.7394,78.78,71,40,10.36
97,La Quinta,US,2021-12-20 19:15:28,33.6634,-116.31,73.4,19,1,1.01
98,Longyearbyen,SJ,2021-12-20 19:15:28,78.2186,15.6401,19.24,73,75,4.61
99,Hirara,JP,2021-12-20 19:15:28,24.8,125.2833,68.67,64,100,9.71
100,Bud,US,2021-12-20 19:15:29,39.447,-86.1758,43.59,66,0,8.21
101,Olafsvik,IS,2021-12-20 19:15:29,64.8945,-23.7142,41.16,85,93,5.93
102,Iquitos,PE,2021-12-20 19:15:30,-3.7481,-73.2472,89.64,62,40,9.22
103,Sorland,NO,2021-12-20 19:15:30,67.667,12.6934,37.26,61,100,10.38
104,Bengkulu,ID,2021-12-20 19:15:31,-3.8004,102.2655,78.26,87,100,0.85
105,Kortkeros,RU,2021-12-20 19:15:31,61.8106,51.5806,-6.83,96,100,8.88
106,Saskylakh,RU,2021-12-20 19:15:32,71.9167,114.0833,-6.63,97,100,9.53
107,Vao,NC,2021-12-20 19:15:33,-22.6667,167.4833,76.48,87,63,7.96
108,Boshnyakovo,RU,2021-12-20 19:15:33,49.6333,142.1667,5.09,78,66,5.93
109,Palana,RU,2021-12-20 19:15:33,59.1167,159.9667,3.7,76,69,6.58
110,La Rioja,ES,2021-12-20 19:10:49,42.25,-2.5,45.05,69,100,6.24
111,Arraial Do Cabo,BR,2021-12-20 19:15:34,-22.9661,-42.0278,80.56,73,20,17.27
112,Kumluca,TR,2021-12-20 19:15:34,36.3703,30.2869,49.68,60,20,3.94
113,Tarko-Sale,RU,2021-12-20 19:15:35,64.9225,77.785,-26.43,86,51,11.68
114,Goundam,ML,2021-12-20 19:15:35,16.4145,-3.6708,75.54,10,71,9.91
115,Ulaangom,MN,2021-12-20 19:15:36,49.9811,92.0667,-3.71,90,100,3.89
116,Sisimiut,GL,2021-12-20 19:15:36,66.9395,-53.6735,40.64,68,100,18.12
117,Mbumi,TZ,2021-12-20 19:15:36,-7.9058,39.2105,77.5,90,98,4.16
118,Bluff,NZ,2021-12-20 19:15:37,-46.6,168.3333,52.81,81,84,31.16
119,Vaini,TO,2021-12-20 19:15:37,-21.2,-175.2,82.56,83,40,6.91
120,Chapada Dos Guimaraes,BR,2021-12-20 19:15:38,-15.4606,-55.7497,78.46,96,100,3.18
121,Cidreira,BR,2021-12-20 19:15:38,-30.1811,-50.2056,77.22,68,37,8.77
122,Sistranda,NO,2021-12-20 19:13:27,63.7256,8.834,37.9,86,100,14.14
123,Lompoc,US,2021-12-20 19:15:21,34.6391,-120.4579,59.13,76,75,3.0
124,Yar-Sale,RU,2021-12-20 19:15:38,66.8333,70.8333,-20.45,98,100,10.6
125,Carros,FR,2021-12-20 19:15:39,43.7894,7.184,49.3,80,0,11.5
126,Busselton,AU,2021-12-20 19:15:39,-33.65,115.3333,59.09,88,100,11.59
127,Huarmey,PE,2021-12-20 19:15:39,-10.0681,-78.1522,74.25,69,4,12.48
128,Luderitz,NA,2021-12-20 19:15:40,-26.6481,15.1594,61.34,87,0,1.77
129,Ternate,ID,2021-12-20 19:15:40,0.8,127.4,81.21,80,100,7.76
130,Coos Bay,US,2021-12-20 19:15:41,43.3665,-124.2179,54.14,98,90,4.61
131,Bethel,US,2021-12-20 19:15:41,41.3712,-73.414,37.49,41,1,6.91
132,Kappeln,DE,2021-12-20 19:15:41,54.6612,9.9313,35.51,81,17,8.05
133,Pevek,RU,2021-12-20 19:15:42,69.7008,170.3133,-13.32,87,100,20.2
134,Boueni,YT,2021-12-20 19:15:42,-12.9025,45.0761,82.38,72,97,3.87
135,Tiksi,RU,2021-12-20 19:15:43,71.6872,128.8694,-15.27,98,100,6.35
136,Woodward,US,2021-12-20 19:15:43,36.4337,-99.3904,54.63,35,1,9.22
137,Smithers,CA,2021-12-20 19:15:09,54.7804,-127.1743,9.88,89,100,0.63
138,Ponta Do Sol,PT,2021-12-20 19:07:17,32.6667,-17.1,71.01,94,92,17.38
139,San Patricio,US,2021-12-20 19:16:44,28.017,-97.5169,63.01,52,0,7.78
140,Pangoa,PE,2021-12-20 19:16:44,-12.1167,-73.0,81.66,72,98,3.02
141,Teya,RU,2021-12-20 19:16:45,60.3778,92.6267,-31.05,98,10,2.15
142,Camacha,PT,2021-12-20 19:16:45,33.0833,-16.3333,67.53,88,40,25.32
143,Chegem,RU,2021-12-20 19:16:46,43.2833,43.1333,12.33,86,81,8.39
144,Vostok,RU,2021-12-20 19:16:46,46.4856,135.8833,8.58,97,100,3.44
145,Pangnirtung,CA,2021-12-20 19:16:46,66.1451,-65.7125,6.8,78,90,16.11
146,Beterou,BJ,2021-12-20 19:16:47,9.1992,2.2586,81.7,22,1,5.39
147,Cervia,IT,2021-12-20 19:16:48,44.2657,12.3427,51.06,87,90,4.61
148,Sur,OM,2021-12-20 19:16:48,22.5667,59.5289,70.95,65,19,6.96
149,Redmond,US,2021-12-20 19:16:08,47.674,-122.1215,39.31,87,100,3.0
150,Arcata,US,2021-12-20 19:16:49,40.8665,-124.0828,58.12,62,75,1.99
151,Karratha,AU,2021-12-20 19:16:50,-20.7377,116.8463,85.44,57,9,6.42
152,Taltal,CL,2021-12-20 19:15:21,-25.4,-70.4833,66.7,75,60,6.24
153,Gat,IL,2021-12-20 19:16:50,31.61,34.7642,53.08,100,94,21.07
154,Chuy,UY,2021-12-20 19:16:51,-33.6971,-53.4616,77.74,57,73,10.78
155,Sao Francisco,BR,2021-12-20 19:16:51,-15.9486,-44.8644,80.19,81,78,4.05
156,Pundaguitan,PH,2021-12-20 19:16:51,6.3711,126.1689,81.19,76,100,9.13
157,Carutapera,BR,2021-12-20 19:16:52,-1.195,-46.02,84.94,65,100,9.73
158,Verkhnevilyuysk,RU,2021-12-20 19:16:52,63.4453,120.3167,-21.8,99,100,1.48
159,Sitka,US,2021-12-20 19:16:52,57.0531,-135.33,33.69,69,75,0.0
160,Georgetown,MY,2021-12-20 19:16:54,5.4112,100.3354,80.89,84,20,3.44
161,Hasaki,JP,2021-12-20 19:16:54,35.7333,140.8333,36.0,63,27,10.87
162,Norman Wells,CA,2021-12-20 19:16:55,65.282,-126.8329,-5.76,77,75,10.36
163,Inverell,AU,2021-12-20 19:16:55,-29.7833,151.1167,73.17,84,5,4.0
164,Wamba,NG,2021-12-20 19:16:55,8.9333,8.6,75.92,25,0,4.41
165,Kursenai,LT,2021-12-20 19:16:56,55.985,22.9189,19.65,62,100,13.27
166,Lakhtar,IN,2021-12-20 19:16:56,22.85,71.7833,64.74,26,22,5.73
167,Ust-Nera,RU,2021-12-20 19:16:57,64.5667,143.2,-38.24,99,100,1.99
168,Vokhma,RU,2021-12-20 19:16:57,58.9303,46.7586,8.87,94,100,9.13
169,Platteville,US,2021-12-20 19:16:57,42.7342,-90.4785,39.24,65,1,8.05
170,Kysyl-Syr,RU,2021-12-20 19:16:58,63.8986,122.7617,-41.98,100,73,3.94
171,Ilulissat,GL,2021-12-20 19:16:58,69.2167,-51.1,46.42,42,75,26.46
172,Runcu,RO,2021-12-20 19:16:58,45.1167,23.1333,30.7,76,24,4.61
173,Mamaku,NZ,2021-12-20 19:16:59,-38.1,176.0833,59.41,78,100,5.46
174,Smolensk,RU,2021-12-20 19:16:59,55.0,33.0,7.16,90,100,10.25
175,Banjarmasin,ID,2021-12-20 19:17:00,-3.3244,114.591,77.14,98,100,2.53
176,Benalla,AU,2021-12-20 19:17:00,-36.55,145.9833,52.99,63,5,3.36
177,Sola,VU,2021-12-20 19:17:00,-13.8833,167.55,80.33,76,100,4.92
178,Obo,CF,2021-12-20 19:17:01,5.3998,26.4869,79.79,35,97,5.68
179,Yellowknife,CA,2021-12-20 19:17:01,62.456,-114.3525,-28.71,78,20,4.61
180,Berlevag,NO,2021-12-20 19:17:01,70.8578,29.0864,28.35,50,75,8.05
181,Mwingi,KE,2021-12-20 19:17:02,-0.9344,38.0601,65.77,98,100,3.38
182,Da Lat,VN,2021-12-20 19:17:02,11.9465,108.4419,56.14,98,51,0.76
183,Ketchikan,US,2021-12-20 19:18:03,55.3422,-131.6461,27.07,80,1,9.22
184,Sobolevo,RU,2021-12-20 19:18:03,54.4299,31.8996,12.22,88,100,13.0
185,Piqua,US,2021-12-20 19:18:04,40.1448,-84.2424,44.56,65,0,11.03
186,Salalah,OM,2021-12-20 19:18:04,17.0151,54.0924,77.09,69,75,5.75
187,Yulara,AU,2021-12-20 19:18:04,-25.2406,130.9889,73.24,31,0,6.91
188,Chimbote,PE,2021-12-20 19:18:05,-9.0853,-78.5783,72.97,70,4,12.01
189,Faanui,PF,2021-12-20 19:18:05,-16.4833,-151.75,80.53,73,5,11.7
190,Lulea,SE,2021-12-20 19:18:05,65.5842,22.1547,14.07,92,0,8.05
191,Lata,PT,2021-12-20 19:18:06,40.1629,-8.3327,56.91,93,100,6.67
192,Acapulco,MX,2021-12-20 19:18:06,16.8634,-99.8901,85.82,58,40,9.22
193,Ostrovnoy,RU,2021-12-20 19:18:07,68.0531,39.5131,22.24,85,100,21.56
194,Ziro,IN,2021-12-20 19:18:07,27.6333,93.8333,33.58,64,0,2.75
195,Vihari,PK,2021-12-20 19:18:07,30.0333,72.35,57.38,14,0,4.7
196,Tuatapere,NZ,2021-12-20 19:18:07,-46.1333,167.6833,52.83,87,94,15.61
197,Lusambo,CD,2021-12-20 19:18:08,-4.9667,23.45,72.07,89,100,2.75
198,Barcelos,PT,2021-12-20 19:14:51,41.5388,-8.6151,57.34,90,100,8.05
199,East London,ZA,2021-12-20 19:18:08,-33.0153,27.9116,71.01,84,30,17.85
200,Kommunisticheskiy,RU,2021-12-20 19:18:09,61.6789,64.4819,-2.04,96,100,6.44
201,Antofagasta,CL,2021-12-20 19:13:38,-23.65,-70.4,69.08,70,97,8.84
202,Lanzhou,CN,2021-12-20 19:13:10,36.0564,103.7922,34.48,27,0,3.76
203,Takoradi,GH,2021-12-20 19:18:09,4.8845,-1.7554,81.1,73,34,9.15
204,Helong,CN,2021-12-20 19:18:10,42.5397,128.9972,22.28,71,17,13.87
205,Presidencia Roque Saenz Pena,AR,2021-12-20 19:18:10,-26.7852,-60.4388,98.65,44,40,18.41
206,Kavaratti,IN,2021-12-20 19:18:10,10.5669,72.642,80.51,67,94,3.47
207,Razdolinsk,RU,2021-12-20 19:18:11,58.4211,94.6658,-30.78,92,8,6.62
208,Cochrane,CA,2021-12-20 19:18:11,51.1834,-114.4687,13.69,75,1,6.91
209,San Antonio Ilotenango,GT,2021-12-20 19:18:11,15.0547,-91.2297,73.51,52,100,4.76
210,Saint-Francois,FR,2021-12-20 19:18:12,46.4154,3.9054,35.47,91,90,3.44
211,San Andres,CO,2021-12-20 19:18:12,12.5847,-81.7006,80.62,83,75,12.66
212,Sao Miguel Do Araguaia,BR,2021-12-20 19:16:51,-13.275,-50.1628,82.15,77,100,5.17
213,Mezhgorye,UA,2021-12-20 19:18:12,44.9667,34.4167,30.92,86,100,9.08
214,Christchurch,NZ,2021-12-20 19:18:13,-43.5333,172.6333,70.0,40,3,12.66
215,Gushi,CN,2021-12-20 19:18:13,34.6425,109.5843,42.49,31,0,3.74
216,Solnechnyy,RU,2021-12-20 19:18:13,50.7214,136.6319,-5.12,96,100,5.53
217,Pychas,RU,2021-12-20 19:18:14,56.5033,52.4409,29.05,91,84,9.93
218,Shahreza,IR,2021-12-20 19:18:14,32.0339,51.8794,51.28,64,57,13.13
219,Jiangyou,CN,2021-12-20 19:18:14,31.7667,104.7167,44.19,78,6,1.79
220,Kununurra,AU,2021-12-20 19:18:15,-15.7667,128.7333,78.78,83,100,0.0
221,Tono,JP,2021-12-20 19:18:15,39.3167,141.5333,34.14,99,100,3.33
222,Kalianget,ID,2021-12-20 19:18:16,-7.05,113.9333,81.05,79,100,9.24
223,Mar Del Plata,AR,2021-12-20 19:18:16,-38.0023,-57.5575,68.02,82,40,7.0
224,Panaba,MX,2021-12-20 19:18:16,21.2833,-88.2667,89.42,45,17,7.7
225,Arys,KZ,2021-12-20 19:18:17,42.4252,68.795,43.02,83,0,7.29
226,Yuzhnyy,RU,2021-12-20 19:18:17,53.2542,83.6936,26.98,93,75,11.18
227,Hofn,IS,2021-12-20 19:18:18,64.2539,-15.2082,28.42,100,0,5.75
228,Chinsali,ZM,2021-12-20 19:18:18,-10.5414,32.0816,65.52,95,100,7.34
229,Bulgan,MN,2021-12-20 19:18:18,48.8125,103.5347,7.83,87,90,1.05
230,Bardsir,IR,2021-12-20 19:19:19,29.9227,56.5743,48.25,43,100,7.09
231,Lebu,CL,2021-12-20 19:19:19,-37.6167,-73.65,61.88,74,6,19.53
232,Ambon,ID,2021-12-20 19:19:19,-3.6954,128.1814,77.14,94,40,4.61
233,Boralday,KZ,2021-12-20 19:19:20,43.3578,76.8594,28.26,100,90,4.47
234,Lahaina,US,2021-12-20 19:19:20,20.8783,-156.6825,74.95,88,34,12.17
235,Meridian,US,2021-12-20 19:19:21,43.6121,-116.3915,47.25,77,75,0.0
236,Moerai,PF,2021-12-20 19:19:21,-22.4333,-151.3333,78.24,68,100,15.39
237,Ngorongoro,TZ,2021-12-20 19:19:21,-3.2397,35.4875,54.61,93,100,4.29
238,Erzurum,TR,2021-12-20 19:19:22,40.0,41.5,31.68,95,100,0.65
239,Road Town,VG,2021-12-20 19:19:22,18.4167,-64.6167,80.69,78,40,10.36
240,Komsomolskiy,UZ,2021-12-20 19:19:22,40.4272,71.7189,34.52,86,19,2.3
241,Omaruru,NA,2021-12-20 19:19:23,-21.4333,15.9333,75.49,40,4,6.15
242,Alto Piquiri,BR,2021-12-20 19:19:23,-24.0281,-53.4406,94.39,28,5,2.13
243,Leua,SK,2021-12-20 19:19:23,48.2156,18.6071,36.5,79,9,12.48
244,Spoleto,IT,2021-12-20 19:19:24,42.7448,12.7374,46.02,75,100,2.28
245,Nanortalik,GL,2021-12-20 19:19:25,60.1432,-45.2371,41.43,77,25,31.34
246,Hervey Bay,AU,2021-12-20 19:19:25,-25.2986,152.8535,71.04,74,42,5.12
247,Emba,KZ,2021-12-20 19:19:26,48.8264,58.1442,29.71,89,98,14.88
248,Lincoln,US,2021-12-20 19:15:11,40.8,-96.667,37.78,58,1,4.0
249,Astaneh-Ye Ashrafiyeh,IR,2021-12-20 19:19:26,37.2596,49.9444,57.99,57,2,6.08
250,Torbay,CA,2021-12-20 19:19:27,47.6666,-52.7314,24.76,76,90,13.8
251,Manono,CD,2021-12-20 19:19:27,-7.3,27.4167,73.08,89,100,1.79
252,Mazatan,MX,2021-12-20 19:19:27,14.8667,-92.45,89.67,62,20,6.91
253,Tiznit,MA,2021-12-20 19:19:28,29.5833,-9.5,63.48,54,2,8.63
254,Paamiut,GL,2021-12-20 19:19:28,61.994,-49.6678,44.13,48,100,21.36
255,Port Blair,IN,2021-12-20 19:19:28,11.6667,92.75,78.3,75,39,6.26
256,Likasi,CD,2021-12-20 19:19:29,-10.9814,26.7333,64.72,97,100,1.05
257,Paita,PE,2021-12-20 19:19:29,-5.0892,-81.1144,79.36,77,100,10.25
258,Gunjur,GM,2021-12-20 19:19:29,13.2019,-16.7339,80.67,44,100,5.75
259,Coahuayana,MX,2021-12-20 19:19:30,18.7333,-103.6833,92.68,35,1,6.53
260,Kaitangata,NZ,2021-12-20 19:19:30,-46.2817,169.8464,61.93,49,26,14.41
261,Yerbogachen,RU,2021-12-20 19:19:31,61.2767,108.0108,-27.98,96,100,4.14
262,Enzan,JP,2021-12-20 19:19:31,35.7,138.7333,30.72,69,0,1.72
263,Juneau,US,2021-12-20 19:15:16,58.3019,-134.4197,26.22,89,90,4.61
264,Vestmannaeyjar,IS,2021-12-20 19:19:32,63.4427,-20.2734,41.23,83,22,9.57
265,Micheweni,TZ,2021-12-20 19:19:32,-4.9667,39.8333,81.28,83,100,8.05
266,Dunedin,NZ,2021-12-20 19:19:33,-45.8742,170.5036,60.17,54,0,12.15
267,Bintulu,MY,2021-12-20 19:19:34,3.1667,113.0333,77.41,88,20,0.0
268,Ilihan,PH,2021-12-20 19:19:35,13.6256,121.0753,78.1,87,9,8.59
269,Dongsheng,CN,2021-12-20 19:19:35,39.8161,109.9776,23.7,39,0,6.44
270,Nokaneng,BW,2021-12-20 19:19:35,-19.6667,22.2667,80.49,47,7,10.65
271,Evensk,RU,2021-12-20 19:19:36,61.95,159.2333,-10.89,78,100,1.28
272,Prince Rupert,CA,2021-12-20 19:19:36,54.3161,-130.3201,31.69,83,1,4.61
273,Epe,NG,2021-12-20 19:19:36,6.5841,3.9834,78.39,56,11,4.38
274,Pathein,MM,2021-12-20 19:19:37,16.7833,94.7333,69.87,92,0,5.21
275,Owando,CG,2021-12-20 19:19:37,-0.4819,15.8999,76.75,77,100,3.09
276,Chokurdakh,RU,2021-12-20 19:20:37,70.6333,147.9167,-5.06,96,100,13.71
277,Bonavista,CA,2021-12-20 19:20:38,48.6499,-53.1147,25.12,63,100,20.71
278,Fort Nelson,CA,2021-12-20 19:20:38,58.8053,-122.7002,-18.81,76,20,0.0
279,Aketi,CD,2021-12-20 19:20:38,2.7388,23.7833,78.71,49,100,2.06
280,Namatanai,PG,2021-12-20 19:20:39,-3.6667,152.4333,78.08,86,100,6.82
281,Lavrentiya,RU,2021-12-20 19:20:39,65.5833,-171.0,-8.45,93,20,7.4
282,Antalaha,MG,2021-12-20 19:20:40,-14.9003,50.2788,78.84,89,99,2.24
283,Znamenskoye,RU,2021-12-20 19:20:40,57.1281,73.8282,8.76,97,97,5.79
284,Hengyang,CN,2021-12-20 19:20:41,26.8881,112.615,49.6,87,100,1.01
285,Okahandja,NA,2021-12-20 19:20:41,-21.9833,16.9167,80.91,39,5,2.73
286,Kazachinskoye,RU,2021-12-20 19:20:41,57.6953,93.2761,-21.32,84,100,8.84
287,Bay Roberts,CA,2021-12-20 19:20:42,47.5999,-53.2648,25.52,70,100,5.99
288,Gazanjyk,TM,2021-12-20 19:20:42,39.2446,55.5154,55.2,45,100,4.43
289,Fairbanks,US,2021-12-20 19:20:43,64.8378,-147.7164,30.31,95,90,3.44
290,Provideniya,RU,2021-12-20 19:20:43,64.3833,-173.3,-1.12,97,47,10.8
291,Sainte-Maxime,FR,2021-12-20 19:20:44,43.3,6.6333,46.54,55,9,4.61
292,Charlottesville,US,2021-12-20 19:20:44,38.0293,-78.4767,46.47,44,1,3.0
293,Margate,GB,2021-12-20 19:20:44,51.3813,1.3862,44.69,78,100,1.99
294,Puerto Quijarro,BO,2021-12-20 19:20:45,-17.7833,-57.7667,80.17,79,100,2.44
295,Nhulunbuy,AU,2021-12-20 19:20:46,-12.2333,136.7667,79.41,78,100,0.0
296,Bilma,NE,2021-12-20 19:20:46,18.6853,12.9164,63.27,22,0,6.96
297,Muhldorf,DE,2021-12-20 19:20:46,48.25,12.5333,31.12,97,1,2.13
298,Alta Floresta,BR,2021-12-20 19:20:47,-9.8756,-56.0861,78.62,83,90,2.3
299,Kourou,GF,2021-12-20 19:20:47,5.1552,-52.6478,87.85,68,59,7.27
300,Rio Gallegos,AR,2021-12-20 19:19:05,-51.6226,-69.2181,64.45,29,75,42.57
301,Ereymentau,KZ,2021-12-20 19:20:48,51.6199,73.1033,25.59,92,100,8.39
302,Abapo,BO,2021-12-20 19:20:48,-18.8333,-63.4667,66.36,99,100,2.75
303,Caxito,AO,2021-12-20 19:20:48,-8.5785,13.6643,79.45,83,14,4.47
304,Katakwi,UG,2021-12-20 19:20:49,1.8911,33.9661,77.36,49,92,11.03
305,Chernyshevskiy,RU,2021-12-20 19:20:49,63.0128,112.4714,-23.24,99,100,3.13
306,Tazovskiy,RU,2021-12-20 19:20:49,67.4667,78.7,-35.03,99,78,6.98
307,Krasnovishersk,RU,2021-12-20 19:20:50,60.4078,57.082,5.02,95,100,7.34
308,Cabo San Lucas,MX,2021-12-20 19:20:50,22.8909,-109.9124,77.5,46,75,3.0
309,Beloha,MG,2021-12-20 19:20:50,-25.1667,45.05,68.52,72,100,17.27
310,Severodvinsk,RU,2021-12-20 19:20:51,64.5635,39.8302,-14.69,95,91,5.68
311,Bathsheba,BB,2021-12-20 19:20:51,13.2167,-59.5167,84.81,61,40,21.85
312,Caldwell,US,2021-12-20 19:20:52,43.6629,-116.6874,48.07,80,20,0.0
313,Palmer,US,2021-12-20 19:20:52,42.1584,-72.3287,36.14,39,75,1.01
314,Brownsville,US,2021-12-20 19:20:52,25.9018,-97.4975,64.38,73,20,5.99
315,Rock Sound,BS,2021-12-20 19:20:53,24.9,-76.2,77.67,71,44,6.2
316,Serik,TR,2021-12-20 19:20:53,36.9169,31.0989,49.75,67,0,9.75
317,Takhtamygda,RU,2021-12-20 19:20:54,54.1,123.5667,-23.66,89,26,3.67
318,Bereda,ES,2021-12-20 19:20:54,43.2686,-7.5406,55.15,87,94,2.06
319,Chifeng,CN,2021-12-20 19:18:23,42.2683,118.9636,22.37,52,4,4.59
320,Skibbereen,IE,2021-12-20 19:20:54,51.55,-9.2667,44.4,82,100,17.76
321,Khoy,IR,2021-12-20 19:20:55,38.5504,44.9535,39.51,71,100,8.01
322,Saldanha,ZA,2021-12-20 19:21:55,-33.0117,17.9442,66.25,79,100,8.05
323,Imeni Babushkina,RU,2021-12-20 19:21:56,59.7573,43.1285,5.85,93,100,8.59
324,Jerantut,MY,2021-12-20 19:21:56,3.936,102.3626,72.41,99,78,1.21
325,Shimoda,JP,2021-12-20 19:21:56,34.6667,138.95,41.11,73,0,17.63
326,Nantucket,US,2021-12-20 19:21:57,41.2835,-70.0995,37.51,66,1,5.75
327,Lagoa,PT,2021-12-20 19:21:57,39.05,-27.9833,60.48,77,6,27.36
328,Allanridge,ZA,2021-12-20 19:21:57,-27.7543,26.6438,68.04,52,16,5.03
329,Canton,CN,2021-12-20 19:21:58,23.1167,113.25,55.99,87,100,10.94
330,Nisia Floresta,BR,2021-12-20 19:21:58,-6.0911,-35.2086,86.81,58,27,12.53
331,Yashkul,RU,2021-12-20 19:21:59,46.1711,45.3435,38.91,81,100,8.12
332,Paranaiba,BR,2021-12-20 19:21:59,-19.6772,-51.1908,88.41,46,79,6.29
333,Sawtell,AU,2021-12-20 19:21:59,-30.3833,153.1,73.42,83,3,8.05
334,Mexico,PH,2021-12-20 19:22:00,15.0646,120.7198,78.82,88,8,4.25
335,Partizanskoye,RU,2021-12-20 19:22:00,55.5006,94.39,-5.67,99,100,5.1
336,Adrar,MR,2021-12-20 19:22:00,20.5022,-10.0711,72.21,27,100,7.99
337,Grand Gaube,MU,2021-12-20 19:22:01,-20.0064,57.6608,77.4,79,84,1.01
338,Iqaluit,CA,2021-12-20 19:22:01,63.7506,-68.5145,-4.27,77,75,5.75
339,Tumaco,CO,2021-12-20 19:22:01,1.7986,-78.8156,78.3,87,99,13.96
340,Almaznyy,RU,2021-12-20 19:22:02,48.0448,40.045,32.14,95,100,6.82
341,Ondangwa,NA,2021-12-20 19:22:02,-17.9167,15.95,82.4,44,15,10.36
342,Tecoanapa,MX,2021-12-20 19:22:02,16.5167,-98.75,83.7,66,0,8.14
343,Mirnyy,RU,2021-12-20 19:22:03,62.5353,113.9611,-21.1,96,100,8.23
344,Cherskiy,RU,2021-12-20 19:22:03,68.75,161.3,-16.53,98,100,22.93
345,Leshan,CN,2021-12-20 19:22:04,29.5623,103.7639,46.18,76,5,2.46
346,Paraguacu Paulista,BR,2021-12-20 19:22:04,-22.4128,-50.5758,87.24,30,3,5.95
347,Korsakov,RU,2021-12-20 19:22:04,46.6328,142.7813,3.04,79,69,5.68
348,Sembe,CG,2021-12-20 19:22:05,1.6481,14.5806,77.59,60,9,2.04
349,Pervomayskoye,RU,2021-12-20 19:22:05,43.919,46.7102,44.67,91,100,7.16
350,Atchison,US,2021-12-20 19:22:05,39.563,-95.1216,47.32,49,4,11.59
351,Minas,UY,2021-12-20 19:18:26,-34.3759,-55.2377,79.27,26,18,16.89
352,Alice Springs,AU,2021-12-20 19:22:06,-23.7,133.8833,65.75,55,0,0.0
353,Beringovskiy,RU,2021-12-20 19:22:06,63.05,179.3167,-10.71,89,80,2.33
354,Lasa,IT,2021-12-20 19:22:06,46.6166,10.7002,31.08,49,7,5.19
355,Rafai,CF,2021-12-20 19:22:07,4.95,23.9167,81.59,38,99,2.15
356,Port Macquarie,AU,2021-12-20 19:22:07,-31.4333,152.9167,69.89,91,8,7.81
357,Touros,BR,2021-12-20 19:22:07,-5.1989,-35.4608,86.9,65,90,14.32
358,Beruwala,LK,2021-12-20 19:22:08,6.4788,79.9828,77.9,85,11,4.97
359,Tuy Hoa,VN,2021-12-20 19:22:08,13.0833,109.3,72.52,94,100,6.64
360,Falam,MM,2021-12-20 19:22:08,22.9167,93.6833,46.56,96,6,1.48
361,Ust-Kut,RU,2021-12-20 19:22:09,56.7938,105.7672,-44.63,100,56,1.54
362,Northam,GB,2021-12-20 19:22:09,51.0333,-4.2167,47.01,85,96,15.5
363,Koungou,YT,2021-12-20 19:22:10,-12.7336,45.2042,82.11,78,40,5.75
364,Morozovsk,RU,2021-12-20 19:22:10,48.3539,41.8261,34.72,97,100,2.33
365,Moranbah,AU,2021-12-20 19:22:10,-22.0016,148.0466,71.02,83,0,6.24
366,Srednekolymsk,RU,2021-12-20 19:22:11,67.45,153.6833,-21.03,97,100,21.16
367,Kyra,RU,2021-12-20 19:22:11,49.5776,111.9753,-2.07,74,0,2.01
368,Siniscola,IT,2021-12-20 19:23:11,40.5719,9.6922,53.15,76,28,5.37
369,Show Low,US,2021-12-20 19:23:12,34.2542,-110.0298,57.07,19,1,0.0
370,Waingapu,ID,2021-12-20 19:23:12,-9.6567,120.2641,80.78,84,75,4.92
371,Hay River,CA,2021-12-20 19:23:13,60.8156,-115.7999,-13.02,77,75,0.0
372,Victoria,HK,2021-12-20 19:20:33,22.2855,114.1577,63.32,91,100,3.0
373,Turmero,VE,2021-12-20 19:23:13,10.2239,-67.4729,90.68,49,71,5.26
374,Aklavik,CA,2021-12-20 19:23:13,68.2191,-135.0107,10.4,85,90,4.61
375,Surgut,RU,2021-12-20 19:19:18,61.25,73.4167,-18.22,76,40,11.18
376,Portalegre,PT,2021-12-20 19:23:14,39.2938,-7.4312,53.89,98,100,7.78
377,Kearney,US,2021-12-20 19:20:54,40.6995,-99.0815,32.92,51,1,20.71
378,Athabasca,CA,2021-12-20 19:23:14,54.7169,-113.2854,5.41,88,60,5.91
379,Klaksvik,FO,2021-12-20 19:23:15,62.2266,-6.589,40.12,79,99,7.36
380,Gull Lake,CA,2021-12-20 19:23:15,50.1001,-108.4847,5.36,82,100,7.25
381,Mikkeli,FI,2021-12-20 19:23:16,61.6886,27.2723,6.91,85,100,4.61
382,Chegdomyn,RU,2021-12-20 19:23:16,51.1167,133.0167,-0.17,99,100,1.39
383,Killam,CA,2021-12-20 19:23:16,52.7834,-111.8518,6.39,77,100,3.44
384,Wuwei,CN,2021-12-20 19:23:17,37.9281,102.6414,30.38,30,0,4.21
385,Bada,RU,2021-12-20 19:23:17,51.392,109.8717,-9.63,96,7,3.02
386,Esperance,AU,2021-12-20 19:23:17,-33.8667,121.9,55.24,82,0,6.73
387,Faranah,GN,2021-12-20 19:23:18,10.0404,-10.7434,78.3,22,58,5.14
388,Itaperucu,BR,2021-12-20 19:23:18,-25.22,-49.3478,81.43,61,0,4.5
389,Castro,BR,2021-12-20 19:23:18,-24.7911,-50.0119,81.27,29,1,4.43
390,Filadelfia,US,2021-12-20 19:19:51,39.9523,-75.1638,41.14,42,20,1.99
391,Umm Lajj,SA,2021-12-20 19:23:19,25.0213,37.2685,66.69,50,41,13.49
392,Hudiksvall,SE,2021-12-20 19:23:19,61.729,17.1036,22.62,82,14,5.28
393,Havoysund,NO,2021-12-20 19:22:12,70.9963,24.6622,23.88,76,95,8.86
394,Auki,SB,2021-12-20 19:23:20,-8.7676,160.7034,78.67,86,100,5.06
395,Te Anau,NZ,2021-12-20 19:23:21,-45.4167,167.7167,54.34,92,100,9.95
396,Sirpur,IN,2021-12-20 19:23:21,19.4833,79.6,54.27,31,0,4.36
397,Pingliang,CN,2021-12-20 19:23:21,35.5392,106.6861,35.35,31,0,5.59
398,Terrace,CA,2021-12-20 19:22:47,54.5163,-128.6035,9.43,72,1,19.57
399,Sao Filipe,CV,2021-12-20 19:23:22,14.8961,-24.4956,74.7,77,100,10.31
400,Lokosovo,RU,2021-12-20 19:23:22,61.1333,74.8167,-7.69,95,100,12.15
401,Mahebourg,MU,2021-12-20 19:23:22,-20.4081,57.7,77.29,88,75,3.44
402,Chissamba,AO,2021-12-20 19:23:23,-12.1667,17.3333,68.74,79,58,2.44
403,Copiapo,CL,2021-12-20 19:23:23,-27.3667,-70.3333,64.09,49,100,10.49
404,Cayenne,GF,2021-12-20 19:23:24,4.9333,-52.3333,87.84,81,20,3.0
405,Balila,JO,2021-12-20 19:23:24,32.3881,35.9351,40.35,90,100,13.6
406,Cedar City,US,2021-12-20 19:23:15,37.6775,-113.0619,42.19,36,1,16.11
407,Malakal,SS,2021-12-20 19:23:25,9.5334,31.6605,79.95,25,56,6.93
408,Zyryanka,RU,2021-12-20 19:23:25,65.75,150.85,-34.71,89,100,11.18
409,Korla,CN,2021-12-20 19:23:26,41.7597,86.1469,24.51,52,100,3.04
410,Bandarbeyla,SO,2021-12-20 19:23:26,9.4942,50.8122,77.61,75,41,17.27
411,Ponte De Sor,PT,2021-12-20 19:23:26,39.2496,-8.0101,58.98,94,100,10.13
412,Zlitan,LY,2021-12-20 19:23:27,32.4674,14.5687,58.5,47,6,9.4
413,Kyabram,AU,2021-12-20 19:23:27,-36.3167,145.05,57.87,62,5,5.95
414,Nemuro,JP,2021-12-20 19:23:27,43.3236,145.575,36.61,55,98,14.54
415,Aksha,RU,2021-12-20 19:24:28,50.2814,113.2867,-6.84,91,11,2.46
416,Vredendal,ZA,2021-12-20 19:24:28,-31.6683,18.5012,75.69,52,100,3.13
417,Pangody,RU,2021-12-20 19:24:29,65.85,74.4859,-25.73,89,100,10.71
418,Fiche,ET,2021-12-20 19:24:29,9.8,38.7333,53.46,66,98,6.38
419,Lac Du Bonnet,CA,2021-12-20 19:24:30,50.2536,-96.0612,0.18,80,99,10.87
420,Panzhihua,CN,2021-12-20 19:24:30,26.5851,101.7128,48.38,78,1,0.92
421,Mayo,US,2021-12-20 19:24:31,38.8876,-76.5119,43.79,53,1,3.0
422,Kalmunai,LK,2021-12-20 19:24:31,7.4167,81.8167,77.65,80,3,6.13
423,Seydi,TM,2021-12-20 19:24:31,39.4816,62.9137,52.61,69,0,13.22
424,Sabla,NG,2021-12-20 19:24:32,12.7525,4.7077,73.04,18,0,10.51
425,Hima,UG,2021-12-20 19:24:32,0.2958,30.1804,67.35,92,100,1.66
426,Puerto Montt,CL,2021-12-20 19:24:33,-41.4698,-72.9447,68.83,56,0,14.97
427,Oksfjord,NO,2021-12-20 19:24:34,70.2396,22.3479,24.98,84,63,6.2
428,Gurupi,BR,2021-12-20 19:24:34,-11.7292,-49.0686,80.67,82,100,6.15
429,Namibe,AO,2021-12-20 19:24:34,-15.1961,12.1522,70.02,73,4,9.33
430,Askiz,RU,2021-12-20 19:24:35,53.1319,90.5264,29.07,85,100,12.03
431,North Augusta,US,2021-12-20 19:24:35,33.5018,-81.9651,47.52,56,1,8.05
432,Ancud,CL,2021-12-20 19:24:36,-41.8697,-73.8203,75.22,58,0,10.69
433,Tigil,RU,2021-12-20 19:24:36,57.8,158.6667,-2.2,94,72,4.7
434,Laguna,US,2021-12-20 19:24:37,38.421,-121.4238,53.2,93,90,5.75
435,Xuddur,SO,2021-12-20 19:24:37,4.1213,43.8894,84.65,44,100,14.41
436,Neiafu,TO,2021-12-20 19:24:37,-18.65,-173.9833,83.08,69,40,9.22
437,Lorengau,PG,2021-12-20 19:24:38,-2.0226,147.2712,80.42,80,99,1.88
438,Gorom-Gorom,BF,2021-12-20 19:24:38,14.4439,-0.2361,74.66,11,84,11.01
439,Great Falls,US,2021-12-20 19:24:39,47.5002,-111.3008,29.93,80,1,1.01
440,Nuevo Progreso,MX,2021-12-20 19:24:39,23.1667,-97.95,66.47,68,99,5.01
441,Nome,US,2021-12-20 19:24:39,64.5011,-165.4064,28.47,80,90,6.91
442,Rochegda,RU,2021-12-20 19:24:40,62.8,43.25,-1.89,93,100,5.82
443,Maun,BW,2021-12-20 19:24:40,-19.9833,23.4167,76.96,57,0,5.75
444,Calama,CL,2021-12-20 19:24:41,-22.4667,-68.9333,73.89,25,71,24.16
445,Chunoyar,RU,2021-12-20 19:24:41,57.4467,97.3217,-24.72,90,27,5.88
446,Choma,ZM,2021-12-20 19:24:41,-16.8065,26.9531,64.67,89,100,4.61
447,Bull Savanna,JM,2021-12-20 19:24:42,17.8868,-77.5902,80.4,62,0,8.93
448,Taoudenni,ML,2021-12-20 19:21:08,22.6783,-3.9836,78.3,16,100,10.74
449,Vanino,RU,2021-12-20 19:24:42,49.0869,140.2543,-3.75,94,99,4.61
450,Xichang,CN,2021-12-20 19:24:42,27.8964,102.2634,44.44,85,51,2.33
451,Rabo De Peixe,PT,2021-12-20 19:24:43,37.8,-25.5833,56.71,97,75,14.97
452,Myaundzha,RU,2021-12-20 19:24:43,63.0494,147.1858,-46.03,97,69,1.81
453,Lyantonde,UG,2021-12-20 19:24:44,-0.4031,31.1572,64.98,93,99,0.94
454,Ayan,RU,2021-12-20 19:24:44,56.45,138.1667,-21.14,74,8,13.11
455,Ahipara,NZ,2021-12-20 19:24:44,-35.1667,173.1667,63.77,81,100,1.92
456,Collingwood,CA,2021-12-20 19:20:15,44.4834,-80.2164,38.37,71,100,16.55
457,Beisfjord,NO,2021-12-20 19:24:45,68.3751,17.5988,27.25,87,55,8.34
458,Parichha,IN,2021-12-20 19:24:45,25.5167,78.75,52.12,30,0,1.03
459,Jiaozuo,CN,2021-12-20 19:25:45,35.2397,113.2331,43.57,28,0,7.36
460,Bambanglipuro,ID,2021-12-20 19:25:46,-7.95,110.2833,76.33,90,100,2.42
461,Marsh Harbour,BS,2021-12-20 19:25:46,26.5412,-77.0636,76.6,76,20,3.27
462,Saint-Gaudens,FR,2021-12-20 19:25:46,43.0833,0.6667,49.14,71,85,5.75
463,Sanandaj,IR,2021-12-20 19:25:47,35.3144,46.9923,46.78,80,100,24.99
464,Dodola,ET,2021-12-20 19:25:47,6.9833,39.1833,55.38,78,100,3.51
465,Vila Franca Do Campo,PT,2021-12-20 19:25:47,37.7167,-25.4333,57.61,76,22,15.5
466,Plettenberg Bay,ZA,2021-12-20 19:25:48,-34.0527,23.3716,66.78,92,97,13.06
467,Pangkalanbuun,ID,2021-12-20 19:25:48,-2.6833,111.6167,73.85,99,100,1.45
468,Burgeo,CA,2021-12-20 19:25:49,47.6167,-57.6152,25.32,66,52,15.97
469,Inhambane,MZ,2021-12-20 19:25:49,-23.865,35.3833,75.18,83,40,3.44
470,Tessalit,ML,2021-12-20 19:25:49,20.1986,1.0114,70.86,19,12,11.88
471,Zalesovo,RU,2021-12-20 19:25:50,53.9939,84.7431,19.22,96,100,6.51
472,Guerrero Negro,MX,2021-12-20 19:21:04,27.9769,-114.0611,68.54,33,21,1.03
473,Puerto Carreno,CO,2021-12-20 19:24:11,6.189,-67.4859,89.76,49,100,9.04
474,Hede,CN,2021-12-20 19:25:51,33.7681,120.2517,42.82,53,0,7.58
475,Biak,ID,2021-12-20 19:25:51,-0.9131,122.8766,76.86,81,100,5.08
476,Lumsden,CA,2021-12-20 19:25:51,50.6501,-104.8678,9.57,89,100,5.14
477,Kigorobya,UG,2021-12-20 19:25:52,1.6162,31.3089,70.68,81,100,3.69
478,Okha,RU,2021-12-20 19:25:52,53.5739,142.9478,-5.13,92,89,2.06
479,Kloulklubed,PW,2021-12-20 19:24:14,7.0419,134.2556,81.1,79,35,18.86
480,Alakurtti,RU,2021-12-20 19:25:52,66.9672,30.3491,12.63,94,63,6.38
481,Pyay,MM,2021-12-20 19:25:53,18.8167,95.2167,67.66,84,0,3.31
482,Deer Lake,CA,2021-12-20 19:25:53,49.1667,-57.4316,21.06,63,40,6.91
483,Sakakah,SA,2021-12-20 19:25:53,29.9697,40.2064,56.77,26,0,19.51
484,Rio Grande,BR,2021-12-20 19:25:54,-32.035,-52.0986,82.51,75,5,12.66
485,Ballina,AU,2021-12-20 19:25:54,-28.8667,153.5667,73.58,88,75,8.05
486,Kahului,US,2021-12-20 19:24:02,20.8947,-156.47,74.84,86,40,12.66
487,Hongjiang,CN,2021-12-20 19:25:55,27.11,109.9956,48.18,79,9,0.96
488,Tando Adam,PK,2021-12-20 19:25:55,25.7637,68.661,53.65,63,16,8.5
489,Portland,US,2021-12-20 19:23:09,45.5234,-122.6762,44.71,94,90,3.0
490,Nabire,ID,2021-12-20 19:25:06,-3.3667,135.4833,74.73,93,100,3.83
491,Dawson,US,2021-12-20 19:25:56,31.7735,-84.4466,49.42,50,100,11.72
492,Plonsk,PL,2021-12-20 19:25:57,52.6235,20.3755,29.03,62,3,8.57
493,Arbagar,RU,2021-12-20 19:25:57,51.9438,116.2805,-22.25,91,3,0.81
494,Rawson,AR,2021-12-20 19:25:58,-43.3002,-65.1023,75.92,36,0,25.9
495,Wana,PK,2021-12-20 19:25:58,32.2989,69.5725,48.09,36,1,4.83
496,Aloleng,PH,2021-12-20 19:25:58,16.1307,119.7824,78.4,84,4,5.75
497,Kamogawa,JP,2021-12-20 19:25:59,35.1,140.1,41.05,77,3,5.7
498,Melnikovo,RU,2021-12-20 19:25:59,56.5558,84.085,-6.86,99,100,4.05
499,Talcahuano,CL,2021-12-20 19:25:59,-36.7167,-73.1167,74.88,53,0,14.97
500,Dawlatabad,AF,2021-12-20 19:26:00,36.4141,64.9053,55.29,64,7,6.82
501,Voi,KE,2021-12-20 19:26:00,-3.3945,38.563,73.42,90,100,2.89
502,Mount Isa,AU,2021-12-20 19:26:01,-20.7333,139.5,80.37,61,40,8.05
503,Kahramanmaras,TR,2021-12-20 19:26:01,38.0,37.0,30.83,96,100,2.55
504,Naze,JP,2021-12-20 19:26:01,28.3667,129.4833,58.39,61,100,5.95
505,Bahua,IN,2021-12-20 19:26:02,25.85,80.6333,50.92,31,5,3.71
506,Sinnamary,GF,2021-12-20 19:27:02,5.3833,-52.95,83.16,73,100,8.34
507,Ascension,US,2021-12-20 19:27:04,30.2169,-90.9001,50.0,89,90,3.44
508,Buala,SB,2021-12-20 19:27:04,-8.145,159.5921,79.75,86,99,6.67
509,Constitucion,CL,2021-12-20 19:27:05,-35.3333,-72.4167,71.96,58,14,17.49
510,Buta,CD,2021-12-20 19:27:06,2.7858,24.73,79.36,44,100,2.89
511,Berezovka,BY,2021-12-20 19:27:07,53.7214,25.4993,21.63,65,89,12.88
512,Riverton,US,2021-12-20 19:27:08,40.5219,-111.9391,46.78,54,1,3.0
513,Sondrio,IT,2021-12-20 19:27:08,46.169,9.8692,44.08,65,17,1.01
514,Hobyo,SO,2021-12-20 19:27:09,5.3505,48.5268,79.14,79,98,16.55
515,Simbahan,PH,2021-12-20 19:27:10,6.3032,120.5836,82.49,77,100,13.78
516,George,ZA,2021-12-20 19:23:29,-33.963,22.4617,65.75,94,90,9.22
517,Cockburn Town,TC,2021-12-20 19:27:10,21.4612,-71.1419,79.92,73,1,14.34
518,Inta,RU,2021-12-20 19:27:10,66.0317,60.1659,-5.22,80,100,21.88
519,Santa Ines,BR,2021-12-20 19:27:11,-3.6667,-45.38,88.29,58,96,5.7
520,Broome,US,2021-12-20 19:27:11,42.2506,-75.833,36.55,61,1,3.0
521,North Ogden,US,2021-12-20 19:27:11,41.3072,-111.9602,40.01,55,1,4.61
522,Vila Velha,BR,2021-12-20 19:26:50,-20.3297,-40.2925,73.35,84,75,10.36
523,Luwuk,ID,2021-12-20 19:27:12,-0.9516,122.7875,77.83,83,100,4.59
524,Minab,IR,2021-12-20 19:27:12,27.1467,57.0801,63.9,73,100,1.83
525,Morehead,US,2021-12-20 19:22:50,37.2711,-87.1764,45.14,63,1,0.0
526,Yaan,NG,2021-12-20 19:27:13,7.3833,8.5667,81.99,21,8,5.97
527,Gambo,CF,2021-12-20 19:27:13,4.6482,22.2633,78.15,39,8,2.33
528,Atar,MR,2021-12-20 19:27:13,20.5169,-13.0499,72.75,32,100,13.24
529,Akureyri,IS,2021-12-20 19:27:14,65.6835,-18.0878,31.93,93,0,2.3
530,Thyboron,DK,2021-12-20 19:27:15,56.6985,8.2124,31.98,54,99,4.54
531,Mocuba,MZ,2021-12-20 19:27:16,-16.8392,36.9856,72.52,95,49,3.47
532,Brigantine,US,2021-12-20 19:27:17,39.4101,-74.3646,42.03,54,1,0.0
533,Newcastle,AU,2021-12-20 19:24:48,-32.9272,151.7765,74.71,96,75,1.01
534,Ekibastuz,KZ,2021-12-20 19:27:17,51.6667,75.3667,26.64,97,91,7.78
535,Kulhudhuffushi,MV,2021-12-20 19:27:18,6.6221,73.07,81.48,74,4,10.56
536,Solwezi,ZM,2021-12-20 19:27:18,-12.1688,26.3894,64.08,95,100,4.47
537,Faya,SA,2021-12-20 19:27:18,18.3851,42.4509,59.11,89,45,4.92
538,Lagunas,PE,2021-12-20 19:23:09,-5.2269,-75.6753,85.42,73,100,4.63
539,Nalut,LY,2021-12-20 19:27:19,30.3333,10.85,50.38,43,0,3.67
540,Zhigansk,RU,2021-12-20 19:27:19,66.7697,123.3711,-52.74,100,58,1.59
541,Joaquim Gomes,BR,2021-12-20 19:27:19,-9.1373,-35.7519,86.25,49,27,14.0
542,Yanam,IN,2021-12-20 19:27:20,16.7333,82.2167,68.09,82,0,1.81
543,Torrington,US,2021-12-20 19:25:54,41.8007,-73.1212,36.48,47,12,7.0
544,Saint-Pierre,RE,2021-12-20 19:27:20,-21.3393,55.4781,78.48,78,90,10.36
545,Ozerne,UA,2021-12-20 19:27:21,50.1782,28.7338,25.79,91,100,11.77
546,Vijapur,IN,2021-12-20 19:27:21,23.5667,72.75,52.75,24,22,3.31
547,Illapel,CL,2021-12-20 19:27:21,-31.6308,-71.1653,79.11,47,1,9.31
548,Vanimo,PG,2021-12-20 19:27:22,-2.6741,141.3028,78.13,89,100,8.39
549,Craig,US,2021-12-20 19:27:22,40.5153,-107.5464,34.84,58,1,5.75
550,Toora-Khem,RU,2021-12-20 19:27:22,52.4675,96.11,11.28,97,100,1.97
551,La Ronge,CA,2021-12-20 19:27:23,55.1001,-105.2842,-1.95,71,94,3.44
552,Ust-Koksa,RU,2021-12-20 19:27:23,50.2696,85.6108,14.49,94,99,0.87
553,Katsuura,JP,2021-12-20 19:28:23,35.1333,140.3,41.11,73,1,9.08
554,Rock Springs,US,2021-12-20 19:28:24,41.5875,-109.2029,38.64,35,1,8.05
555,Ukiah,US,2021-12-20 19:28:24,39.1502,-123.2078,50.99,85,90,8.05
556,Haapiti,PF,2021-12-20 19:28:25,-17.5667,-149.8667,83.93,67,29,7.72
557,Vanavara,RU,2021-12-20 19:28:25,60.34,102.2797,-41.49,100,61,0.96
558,Iisalmi,FI,2021-12-20 19:28:25,63.5592,27.1907,5.02,92,92,8.14
559,Palaia Fokaia,GR,2021-12-20 19:28:26,37.72,23.9463,51.76,54,0,3.53
560,Olyka,UA,2021-12-20 19:28:26,50.7186,25.8125,24.93,89,100,14.29
561,River Falls,US,2021-12-20 19:28:26,44.8614,-92.6238,27.52,57,67,14.94
562,Banda Aceh,ID,2021-12-20 19:25:03,5.5577,95.3222,74.37,97,100,8.05
563,Isangel,VU,2021-12-20 19:28:27,-19.55,169.2667,82.51,89,40,0.0
564,Belvedere Marittimo,IT,2021-12-20 19:28:27,39.6179,15.8617,51.12,79,63,5.61
565,Khandyga,RU,2021-12-20 19:28:28,62.6667,135.6,-49.79,100,80,1.43
566,Gorontalo,ID,2021-12-20 19:28:28,0.5412,123.0595,76.24,92,100,3.91
567,Santa Vitoria Do Palmar,BR,2021-12-20 19:28:28,-33.5189,-53.3681,78.67,55,12,11.32
568,Konstantinovka,RU,2021-12-20 19:28:29,49.6167,127.9833,-2.36,94,100,16.2
569,Turkistan,KZ,2021-12-20 19:28:29,43.0,68.0,42.55,77,0,8.99
570,Jalingo,NG,2021-12-20 19:28:29,8.8833,11.3667,77.67,24,5,4.99
571,Twin Falls,US,2021-12-20 19:28:30,42.3505,-114.6445,46.74,27,1,13.8
572,Cloquet,US,2021-12-20 19:28:30,46.7216,-92.4594,15.19,67,90,14.97
573,Labuhan,ID,2021-12-20 19:28:31,-6.8844,112.2051,78.8,85,100,9.28
574,Diu,IN,2021-12-20 19:28:31,20.7141,70.9822,68.11,32,0,5.21
575,Raisen,IN,2021-12-20 19:28:31,23.3333,77.8,51.98,31,0,1.92
576,Ucluelet,CA,2021-12-20 19:28:32,48.9329,-125.5528,37.71,59,1,5.53
577,Husavik,IS,2021-12-20 19:28:32,66.0449,-17.3389,31.91,90,79,2.66
578,Daru,PG,2021-12-20 19:28:32,-9.0763,143.2092,78.35,83,100,4.29
579,Batagay-Alyta,RU,2021-12-20 19:28:33,67.8006,130.4114,-23.12,97,100,1.59
580,Elat,IL,2021-12-20 19:28:33,29.5581,34.9482,57.04,47,0,9.22
581,Yeppoon,AU,2021-12-20 19:28:34,-23.1333,150.7333,69.58,73,4,4.83
582,Padang,ID,2021-12-20 19:28:34,-0.9492,100.3543,76.69,84,92,3.65
583,Krasnoshchekovo,RU,2021-12-20 19:29:12,51.6708,82.7289,26.89,95,100,4.47
584,Port Hardy,CA,2021-12-20 19:29:12,50.6996,-127.4199,37.76,86,75,5.75
585,Deming,US,2021-12-20 19:29:13,32.2687,-107.7586,62.24,20,1,4.61
586,Honiara,SB,2021-12-20 19:29:13,-9.4333,159.95,78.04,87,100,1.99
587,Irtyshskiy,RU,2021-12-20 19:29:13,58.3333,68.1333,9.41,95,100,5.46
588,Prabumulih,ID,2021-12-20 19:29:14,-3.45,104.25,74.44,97,100,2.46
589,Sechura,PE,2021-12-20 19:29:14,-5.5569,-80.8222,75.15,63,61,8.23
590,Dingle,PH,2021-12-20 19:29:14,10.9995,122.6711,74.73,93,100,7.27
591,Novikovo,RU,2021-12-20 19:29:15,51.1537,37.8879,22.53,76,91,6.55
592,Manokwari,ID,2021-12-20 19:29:15,-0.8667,134.0833,78.85,82,100,8.08
593,Ratangarh,IN,2021-12-20 19:29:16,28.0833,74.6,57.29,13,0,4.9
594,Aldan,RU,2021-12-20 19:29:16,58.6031,125.3894,-32.19,95,100,5.53
595,Buchanan,LR,2021-12-20 19:29:16,5.8808,-10.0467,81.73,78,26,9.19
596,Sao Felix Do Xingu,BR,2021-12-20 19:29:17,-6.6447,-51.995,78.93,94,100,3.74
597,Hambantota,LK,2021-12-20 19:29:17,6.1241,81.1185,76.19,87,10,9.66
598,Wick,GB,2021-12-20 19:30:18,58.4333,-3.0833,41.05,75,90,0.0
599,Alexandria,EG,2021-12-20 19:26:38,31.2156,29.9553,59.31,61,81,19.64
600,Soyo,AO,2021-12-20 19:30:18,-6.1349,12.3689,78.19,88,76,7.45
601,Trat,TH,2021-12-20 19:30:18,12.5,102.5,67.96,75,46,3.4
602,Ewa Beach,US,2021-12-20 19:30:19,21.3156,-158.0072,78.75,62,1,8.99
603,Winnemucca,US,2021-12-20 19:30:19,40.973,-117.7357,30.25,64,1,3.44
604,Porto Santo,PT,2021-12-20 19:30:19,33.072,-16.3415,70.3,88,40,25.32
605,Yatou,CN,2021-12-20 19:30:20,37.15,122.3833,38.01,78,0,7.52
606,Aykhal,RU,2021-12-20 19:30:20,66.0,111.5,-17.59,99,100,7.96
607,Wanning,CN,2021-12-20 19:30:20,18.8003,110.3967,65.28,88,85,7.47
608,Sao Joao Da Barra,BR,2021-12-20 19:30:21,-21.6403,-41.0511,78.89,73,18,10.04
609,Kreminna,UA,2021-12-20 19:30:21,49.0495,38.2179,28.22,90,24,5.06
610,Svetlogorsk,BY,2021-12-20 19:30:22,52.6333,29.7333,20.53,84,100,11.97
611,Talnakh,RU,2021-12-20 19:30:22,69.4865,88.3972,-30.8,93,53,2.75
612,Nivala,FI,2021-12-20 19:30:22,63.9167,24.9667,9.18,94,21,5.75
613,Ambilobe,MG,2021-12-20 19:30:23,-13.2,49.05,77.4,87,100,3.67
614,Sept-Iles,CA,2021-12-20 19:26:02,50.2001,-66.3821,10.92,56,75,3.44
615,Dunkirk,FR,2021-12-20 19:30:23,51.05,2.3667,42.76,67,100,9.01
616,Micomeseng,GQ,2021-12-20 19:30:24,2.1462,10.6164,73.24,93,88,2.91
617,Leninsk,RU,2021-12-20 19:30:24,48.7119,45.1994,37.26,92,100,3.74
618,Grandview,US,2021-12-20 19:30:24,38.8858,-94.533,49.98,49,1,3.0
619,Zaysan,KZ,2021-12-20 19:30:25,47.4667,84.8667,30.49,88,100,3.13
620,Angoche,MZ,2021-12-20 19:30:25,-16.2325,39.9086,79.56,78,98,8.52
621,Boende,CD,2021-12-20 19:30:25,-0.2167,20.8667,74.62,89,100,1.52
622,Luganville,VU,2021-12-20 19:30:26,-15.5333,167.1667,81.19,79,6,2.98
623,Libenge,CD,2021-12-20 19:30:26,3.65,18.6333,79.47,50,45,2.19
624,Oistins,BB,2021-12-20 19:30:26,13.0667,-59.5333,84.29,61,40,21.85
625,Yegorlykskaya,RU,2021-12-20 19:30:27,46.5656,40.6562,35.78,94,100,4.65
626,Nador,MA,2021-12-20 19:30:27,35.174,-2.9287,57.45,88,0,2.3
627,Santa Rosa De Aguan,HN,2021-12-20 19:30:28,15.95,-85.7167,84.22,75,100,11.1
628,Paracuru,BR,2021-12-20 19:30:28,-3.41,-39.0306,86.02,69,47,12.59
629,Ulladulla,AU,2021-12-20 19:30:28,-35.35,150.4667,63.88,63,19,4.38
630,Tongliao,CN,2021-12-20 19:30:29,43.6125,122.2653,3.45,84,3,7.34
631,Seoul,KR,2021-12-20 19:29:36,37.5683,126.9778,45.84,100,40,2.3
632,Mezen,RU,2021-12-20 19:30:29,65.8522,44.24,0.5,94,100,7.47
633,Sarab,IR,2021-12-20 19:30:30,38.6066,44.9883,37.94,83,100,6.02
634,Doka,SD,2021-12-20 19:30:30,13.5167,35.7667,78.98,39,12,11.61
635,Nyrob,RU,2021-12-20 19:30:30,60.733,56.7202,5.29,95,100,8.7
636,Zhuzhou,CN,2021-12-20 19:30:31,27.8333,113.15,50.13,75,99,2.57
637,Henties Bay,NA,2021-12-20 19:30:31,-22.116,14.2845,64.85,82,0,6.02
638,Grindavik,IS,2021-12-20 19:30:32,63.8424,-22.4338,41.47,100,75,3.44
639,Zeya,RU,2021-12-20 19:30:03,53.75,127.2667,-17.52,68,3,6.29
640,Bardejov,SK,2021-12-20 19:31:33,49.2918,21.2727,31.32,80,98,1.99
641,Baijiantan,CN,2021-12-20 19:31:34,45.6333,85.1833,18.05,89,70,0.74
642,Huicheng,CN,2021-12-20 19:31:34,23.0385,116.2899,57.15,93,100,14.58
643,Nizwa,OM,2021-12-20 19:31:35,22.9333,57.5333,67.46,46,40,2.57
644,High Prairie,CA,2021-12-20 19:31:35,55.4334,-116.4858,-4.7,87,97,7.2
645,Deputatskiy,RU,2021-12-20 19:31:35,69.3,139.9,-19.03,91,100,5.84
646,Caravelas,BR,2021-12-20 19:31:36,-17.7125,-39.2481,77.43,87,14,2.64
647,Sana,YE,2021-12-20 19:30:01,15.3547,44.2067,56.89,33,5,1.52
648,San Rafael,AR,2021-12-20 19:30:09,-34.6177,-68.3301,93.97,27,0,3.67
649,Zapresic,HR,2021-12-20 19:31:36,45.8564,15.8078,38.79,74,23,1.05
650,Belaya Gora,RU,2021-12-20 19:31:37,68.5333,146.4167,-7.92,96,100,9.4
651,Urla,TR,2021-12-20 19:31:37,38.3229,26.764,45.43,81,15,6.78
652,Richards Bay,ZA,2021-12-20 19:31:37,-28.783,32.0377,71.24,79,96,7.85
653,Quatre Cocos,MU,2021-12-20 19:31:38,-20.2078,57.7625,77.11,79,57,7.07
654,Adamas,GR,2021-12-20 19:31:39,36.7333,24.4333,55.11,47,0,2.1
655,Pointe Michel,DM,2021-12-20 19:31:39,15.25,-61.3833,85.14,51,20,6.91
656,Comodoro Rivadavia,AR,2021-12-20 19:31:39,-45.8667,-67.5,80.46,32,0,13.8
657,Ghanzi,BW,2021-12-20 19:31:40,-21.5667,21.7833,67.77,73,91,21.05
658,Dubbo,AU,2021-12-20 19:29:28,-32.25,148.6167,59.13,77,0,5.75
659,Nicoya,CR,2021-12-20 19:31:40,10.1483,-85.452,89.15,57,48,7.09
660,Manta,EC,2021-12-20 19:31:41,-0.95,-80.7333,82.18,74,40,13.8
661,Saint-Joseph,RE,2021-12-20 19:31:41,-21.3667,55.6167,77.38,83,95,9.31
662,Glendive,US,2021-12-20 19:31:42,47.1053,-104.7125,14.95,78,1,9.22
663,Elizabeth City,US,2021-12-20 19:31:42,36.2946,-76.2511,48.22,68,1,14.97
664,Rockport,US,2021-12-20 19:31:42,28.0206,-97.0544,63.0,68,1,3.0
665,Estevan,CA,2021-12-20 19:30:04,49.1334,-102.9842,7.14,66,75,6.91
666,Callaway,US,2021-12-20 19:31:43,30.153,-85.5699,55.96,94,90,4.0
667,Verin,ES,2021-12-20 19:31:43,41.9415,-7.4381,51.57,96,100,4.36
668,Katsina,NG,2021-12-20 19:31:44,12.9894,7.6006,66.27,19,0,11.1
669,Phangnga,TH,2021-12-20 19:31:44,8.4509,98.5298,80.91,94,100,3.42
670,Maryville,US,2021-12-20 19:28:06,35.7565,-83.9705,50.99,68,75,1.01
671,Nouadhibou,MR,2021-12-20 19:31:45,20.931,-17.0347,73.38,56,100,4.61
672,Sainte-Martine,CA,2021-12-20 19:31:45,45.2501,-73.7992,26.91,71,100,11.5
673,Hualmay,PE,2021-12-20 19:31:46,-11.0964,-77.6139,72.68,70,7,10.83
674,Matay,EG,2021-12-20 19:31:46,28.419,30.7792,49.5,53,0,7.25
675,Pierre,US,2021-12-20 19:31:47,44.3683,-100.351,23.86,49,75,1.01
676,Ravar,IR,2021-12-20 19:31:47,31.2656,56.8055,59.05,45,79,3.85
677,Robertsport,LR,2021-12-20 19:31:47,6.7533,-11.3686,81.88,81,23,7.92
678,Esso,RU,2021-12-20 19:31:48,55.9333,158.7,-2.2,96,77,4.7
679,Roald,NO,2021-12-20 19:31:48,62.5833,6.1333,35.74,93,40,8.05
680,Orangeville,CA,2021-12-20 19:26:53,43.9168,-80.0997,37.02,81,100,16.15
681,Waipawa,NZ,2021-12-20 19:31:49,-41.4122,175.5153,61.45,81,96,20.22
682,Iquique,CL,2021-12-20 19:31:49,-20.2208,-70.1431,71.64,74,96,3.2
683,Luang Prabang,LA,2021-12-20 19:31:50,19.8856,102.1347,54.54,86,0,1.12
684,Palasa,IN,2021-12-20 19:31:50,18.7667,84.4167,62.46,53,0,5.06
685,Rodeo,US,2021-12-20 19:31:50,38.033,-122.2669,55.47,79,90,7.0
686,General Pico,AR,2021-12-20 19:31:51,-35.6566,-63.7568,93.24,31,18,13.11
687,Smoky Lake,CA,2021-12-20 19:31:51,54.1169,-112.4686,6.71,85,100,5.75
688,Zhezkazgan,KZ,2021-12-20 19:31:51,47.8043,67.7144,20.52,100,52,3.53
689,Ellisras,ZA,2021-12-20 19:32:52,-23.6649,27.7443,66.47,71,6,4.92
690,Petropavlovsk-Kamchatskiy,RU,2021-12-20 19:31:12,53.0452,158.6483,1.99,78,0,8.95
691,Altus,US,2021-12-20 19:32:52,34.6381,-99.334,58.51,28,1,8.05
692,Mitsamiouli,KM,2021-12-20 19:32:53,-11.3847,43.2844,81.34,74,69,4.76
693,Aswan,EG,2021-12-20 19:32:53,24.0934,32.907,53.01,36,0,11.16
694,Apac,UG,2021-12-20 19:32:53,1.9756,32.5386,71.1,67,99,1.01
695,Haines Junction,CA,2021-12-20 19:32:54,60.7522,-137.5108,-7.65,77,100,0.0
696,Constantine,DZ,2021-12-20 19:32:54,36.365,6.6147,45.81,81,0,3.44
697,Shama,CN,2021-12-20 19:32:54,33.6102,104.2852,29.34,37,0,4.9
698,Tarakan,ID,2021-12-20 19:32:55,3.3,117.6333,78.91,86,100,7.87
699,Qaqortoq,GL,2021-12-20 19:32:55,60.7167,-46.0333,50.5,74,85,9.1
700,Tokonou,GN,2021-12-20 19:32:55,9.65,-9.7833,74.53,23,6,5.19
701,Sundargarh,IN,2021-12-20 19:32:56,22.1167,84.0333,49.87,40,0,3.2
702,Stolin,BY,2021-12-20 19:32:56,51.8912,26.846,22.84,83,100,11.92
703,Genoa,IT,2021-12-20 19:32:57,44.4129,8.9573,54.82,76,75,3.0
704,San Cristobal,VE,2021-12-20 19:32:57,7.7669,-72.225,78.98,64,92,2.84
705,Lichuan,CN,2021-12-20 19:32:57,30.3,108.85,33.44,93,29,3.31
706,Marsa Matruh,EG,2021-12-20 19:32:58,31.3525,27.2453,56.93,72,54,22.37
707,Alexandroupoli,GR,2021-12-20 19:32:59,40.8475,25.8744,42.62,56,20,9.22
708,Coihaique,CL,2021-12-20 19:29:02,-45.5752,-72.0662,77.61,20,0,8.05
709,Beroroha,MG,2021-12-20 19:33:00,-21.6667,45.1667,74.52,79,36,4.21
710,Puerto Del Rosario,ES,2021-12-20 19:29:08,28.5004,-13.8627,71.35,60,40,5.75
711,Denpasar,ID,2021-12-20 19:32:57,-8.65,115.2167,78.46,94,40,3.44
712,Fukue,JP,2021-12-20 19:33:01,32.6881,128.8419,57.92,56,100,13.98
713,Teruel,ES,2021-12-20 19:33:01,40.6667,-0.6667,40.96,59,99,8.12
714,Poya,NC,2021-12-20 19:33:02,-21.35,165.15,79.48,84,23,4.29
715,Jiuquan,CN,2021-12-20 19:33:03,39.7432,98.5174,25.9,18,0,2.86
716,Matara,LK,2021-12-20 19:30:35,5.9485,80.5353,75.96,90,45,3.13
717,Begun,IN,2021-12-20 19:33:03,24.9833,75.0,55.36,23,0,4.41
718,Avera,US,2021-12-20 19:33:03,33.194,-82.5271,47.08,36,100,10.76
719,Virginia Beach,US,2021-12-20 19:30:49,36.8529,-75.978,45.0,72,40,1.01
720,Khuzhir,RU,2021-12-20 19:33:04,53.1939,107.3397,3.25,74,22,4.97
721,Maceio,BR,2021-12-20 19:33:04,-9.6658,-35.7353,87.24,66,40,18.41
722,Mananjary,MG,2021-12-20 19:33:05,-21.2167,48.3333,74.52,92,100,5.12
723,Campina Verde,BR,2021-12-20 19:33:05,-19.5356,-49.4864,80.55,69,87,5.41
724,Baghdad,IQ,2021-12-20 19:33:06,33.3406,44.4009,58.91,51,0,12.66
725,General Roca,AR,2021-12-20 19:33:06,-39.0333,-67.5833,70.2,28,1,14.09
726,Joaima,BR,2021-12-20 19:33:06,-16.6542,-41.0306,72.1,92,95,2.51
727,Praxedis Guerrero,MX,2021-12-20 19:33:07,31.3667,-106.0167,56.28,31,0,11.79
728,Pacific Grove,US,2021-12-20 19:33:07,36.6177,-121.9166,58.06,65,100,5.01
729,Catamarca,AR,2021-12-20 19:33:08,-28.4696,-65.7852,95.05,41,99,12.3
730,Posyet,RU,2021-12-20 19:33:08,42.6508,130.8046,28.96,61,1,14.45
731,The Valley,AI,2021-12-20 19:33:08,18.217,-63.0578,84.06,65,20,12.66
732,Alto Araguaia,BR,2021-12-20 19:33:09,-17.3147,-53.2153,78.64,81,100,5.97
733,Ayagoz,KZ,2021-12-20 19:33:09,47.9714,80.4392,31.75,98,100,13.82
734,Camacupa,AO,2021-12-20 19:34:10,-12.0167,17.4833,65.52,90,98,4.07
735,Hovd,MN,2021-12-20 19:34:10,48.0056,91.6419,16.0,71,10,7.87
736,Cabedelo,BR,2021-12-20 19:34:10,-6.9811,-34.8339,84.87,71,22,11.27
737,Praia,CV,2021-12-20 19:34:11,14.9215,-23.5087,74.61,74,100,9.15
738,Southbridge,US,2021-12-20 19:30:53,42.0751,-72.0334,35.37,39,10,1.99
739,Gubkinskiy,RU,2021-12-20 19:34:11,64.434,76.5026,-23.26,85,100,11.39
740,Pachino,IT,2021-12-20 19:34:12,36.7186,15.0907,50.59,79,0,10.51
741,Svetlaya,RU,2021-12-20 19:34:12,46.5389,138.3297,14.05,84,100,6.87
742,Half Moon Bay,US,2021-12-20 19:34:13,37.4636,-122.4286,56.75,76,20,1.99
743,Berkak,NO,2021-12-20 19:34:13,62.825,10.0118,30.43,91,100,4.99
744,Puerto Colombia,CO,2021-12-20 19:34:13,10.9878,-74.9547,86.09,77,100,17.6
745,Batsfjord,NO,2021-12-20 19:34:14,70.6345,29.7185,28.4,68,75,4.61
746,Moron,AR,2021-12-20 19:34:14,-34.6534,-58.6198,92.95,51,0,7.0
747,Chute-Aux-Outardes,CA,2021-12-20 19:34:15,49.1168,-68.399,16.11,79,90,5.75
748,Moree,AU,2021-12-20 19:34:15,-29.4667,149.85,77.02,50,20,10.36
749,Praia Da Vitoria,PT,2021-12-20 19:34:16,38.7333,-27.0667,59.76,88,40,18.92
750,Whyalla,AU,2021-12-20 19:34:16,-33.0333,137.5833,62.49,82,40,9.22
751,Bonthe,SL,2021-12-20 19:34:16,7.5264,-12.505,81.01,79,44,7.92
752,Hammel,DK,2021-12-20 19:34:17,56.2576,9.8632,33.15,80,66,5.86
753,Provost,CA,2021-12-20 19:34:17,52.3501,-110.2683,7.25,90,85,5.48
754,Tinskoy,RU,2021-12-20 19:34:18,56.1525,96.9161,-9.38,90,100,7.96
755,Oyama,JP,2021-12-20 19:34:18,36.3,139.8,44.53,58,0,2.68
756,Tombouctou,ML,2021-12-20 19:34:19,20.0,-3.0,74.77,17,100,8.5
757,Katherine,AU,2021-12-20 19:34:19,-14.4667,132.2667,75.52,100,90,3.44
758,Balad,IQ,2021-12-20 19:34:19,34.0164,44.1453,57.29,45,0,17.56
759,San Quintin,MX,2021-12-20 19:34:20,30.4833,-115.95,65.64,38,78,4.99
760,Malpe,IN,2021-12-20 19:34:20,13.35,74.7167,74.5,62,8,5.7
761,Alekseyevsk,RU,2021-12-20 19:34:20,57.8406,108.3492,-49.72,100,59,0.49
762,Monster,NL,2021-12-20 19:34:22,52.0258,4.175,42.94,76,75,1.01
763,Druzhba,UA,2021-12-20 19:34:22,52.0428,33.9453,20.62,68,100,11.92
764,Vuktyl,RU,2021-12-20 19:34:22,63.8567,57.3094,-4.83,78,100,8.86
765,Alberdi,AR,2021-12-20 19:32:43,-32.8899,-60.6906,91.42,40,0,12.66
766,Revelstoke,CA,2021-12-20 19:34:23,50.9832,-118.2023,19.42,68,90,2.3
767,Serta,PT,2021-12-20 19:34:23,39.8085,-8.0988,57.25,97,100,7.43
768,Alamosa,US,2021-12-20 19:34:24,37.4695,-105.87,43.36,23,1,0.0
769,Tigbao,PH,2021-12-20 19:34:24,12.5546,123.3389,78.37,88,100,8.95
770,Campbell River,CA,2021-12-20 19:34:24,50.0163,-125.2446,32.72,89,0,3.13
771,Eyl,SO,2021-12-20 19:34:25,7.9803,49.8164,76.91,78,23,18.19
772,Pitimbu,BR,2021-12-20 19:34:25,-7.4706,-34.8086,84.79,69,49,9.89
773,Gucheng,CN,2021-12-20 19:34:26,35.9115,111.3192,38.41,32,0,1.9
774,Mweka,CD,2021-12-20 19:34:26,-4.85,21.5667,71.85,84,90,0.83
775,Magdagachi,RU,2021-12-20 19:34:26,53.45,125.8,-19.08,73,1,6.69
776,Kandiaro,PK,2021-12-20 19:34:27,27.0601,68.2091,62.58,16,68,3.53
777,Sokolo,ML,2021-12-20 19:34:27,14.7328,-6.1219,78.58,12,95,9.78
778,Hailar,CN,2021-12-20 19:34:27,49.2,119.7,-14.39,89,5,5.95
779,Puerto Madero,MX,2021-12-20 19:34:28,14.7208,-92.4215,89.8,62,20,6.91
780,Neftcala,AZ,2021-12-20 19:35:28,39.3742,49.2472,53.8,75,72,5.95
781,Krasnogvardeyets,RU,2021-12-20 19:35:28,52.6804,52.3635,33.31,97,100,20.76
782,Emerald,AU,2021-12-20 19:35:29,-23.5333,148.1667,71.74,74,0,0.0
783,Mandalgovi,MN,2021-12-20 19:35:29,45.7625,106.2708,12.24,68,97,4.92
784,Ixtapa,MX,2021-12-20 19:35:30,20.7,-105.2,81.63,54,75,0.0
785,Tubuala,PA,2021-12-20 19:35:30,9.5167,-79.0333,88.56,82,100,11.68
786,Payakumbuh,ID,2021-12-20 19:35:30,-0.2202,100.6308,69.39,93,91,2.84
787,Kidal,ML,2021-12-20 19:35:31,18.4411,1.4078,69.22,19,24,12.39
788,Huilong,CN,2021-12-20 19:35:31,31.8111,121.655,54.03,57,61,7.63
789,Bemidji,US,2021-12-20 19:35:31,47.4736,-94.8803,9.05,68,1,18.41
790,Capao Da Canoa,BR,2021-12-20 19:34:42,-29.7456,-50.0097,76.64,68,53,6.11
791,Ola,RU,2021-12-20 19:35:32,59.5833,151.2833,5.14,93,100,8.21
792,Bracebridge,CA,2021-12-20 19:35:32,45.0334,-79.3163,37.87,64,90,11.61
793,Bilibino,RU,2021-12-20 19:35:32,68.0546,166.4372,-21.23,98,100,10.33
794,Sterling,US,2021-12-20 19:35:32,39.0062,-77.4286,43.59,47,1,1.01
795,Hammerfest,NO,2021-12-20 19:34:48,70.6634,23.6821,28.13,93,40,0.0
796,Manavalakurichi,IN,2021-12-20 19:35:33,8.1333,77.3,80.69,73,8,7.4
797,Vargashi,RU,2021-12-20 19:35:33,55.3556,65.8467,22.28,87,100,15.23
798,Santa Marta,CO,2021-12-20 19:34:31,11.2408,-74.199,86.99,65,64,15.82
799,Clarence Town,AU,2021-12-20 19:35:34,-32.5833,151.7833,76.33,81,0,1.92
800,Santa Maria,BR,2021-12-20 19:33:57,-29.6842,-53.8069,94.3,43,40,5.75
801,Kasangulu,CD,2021-12-20 19:35:34,-4.5911,15.1708,79.74,93,100,1.32
802,Kholodnyy,RU,2021-12-20 19:35:34,62.7167,147.95,-51.9,100,88,0.13
803,Shipitsyno,RU,2021-12-20 19:35:35,61.2806,46.5208,-4.45,97,100,7.31
804,Punta Cardon,VE,2021-12-20 19:35:35,11.6581,-70.215,82.26,63,10,23.94
805,Eenhana,NA,2021-12-20 19:35:35,-17.4667,16.3333,82.15,48,31,8.86
806,Kautokeino,NO,2021-12-20 19:35:36,69.0125,23.0412,3.58,98,96,2.17
807,Goroka,PG,2021-12-20 19:35:36,-6.0834,145.3873,60.67,97,98,2.04
808,Muisne,EC,2021-12-20 19:35:36,0.6,-80.0333,82.51,89,100,12.33
809,High Level,CA,2021-12-20 19:35:37,58.5169,-117.136,-3.89,84,75,2.3
810,Champaign,US,2021-12-20 19:35:37,40.1334,-88.2001,42.04,76,1,8.99
811,Rorvik,NO,2021-12-20 19:35:38,64.8621,11.2373,33.91,100,75,6.91
812,Kyaikkami,MM,2021-12-20 19:35:38,16.08,97.5675,73.63,75,94,5.08
813,Fereydun Kenar,IR,2021-12-20 19:35:39,36.6864,52.5225,57.51,55,57,5.21
814,Byron Bay,AU,2021-12-20 19:35:39,-28.65,153.6167,73.87,79,51,9.62
815,Kathu,TH,2021-12-20 19:35:40,7.9178,98.3332,80.69,99,100,8.19
816,Ladario,BR,2021-12-20 19:35:40,-19.0047,-57.6017,84.29,88,75,11.5
817,Vaitape,PF,2021-12-20 19:35:40,-16.5167,-151.75,80.51,73,3,10.29
818,Tromso,NO,2021-12-20 19:35:41,69.6496,18.957,24.82,93,75,6.91
819,Weligama,LK,2021-12-20 19:35:41,5.9667,80.4167,76.62,88,29,2.3
820,Kitgum,UG,2021-12-20 19:35:41,3.2783,32.8867,73.47,62,98,4.68
821,Maldonado,UY,2021-12-20 19:35:42,-34.6667,-54.9167,79.99,46,0,14.5
822,Tual,ID,2021-12-20 19:35:42,-5.6667,132.75,83.41,73,100,7.83
823,Horki,BY,2021-12-20 19:35:42,54.2861,30.9842,10.78,81,99,15.39
824,Altay,CN,2021-12-20 19:35:43,47.8667,88.1167,17.56,84,85,5.57
825,Khorixas,NA,2021-12-20 19:35:43,-20.3667,14.9667,71.85,38,5,7.87
826,Mutis,CO,2021-12-20 19:35:43,6.2262,-77.4044,77.54,92,100,10.76
827,El Campo,US,2021-12-20 19:36:44,29.1966,-96.2697,58.84,62,90,0.0
828,Loukhi,RU,2021-12-20 19:36:44,66.0764,33.0381,6.55,97,92,6.55
829,Hami,CN,2021-12-20 19:36:45,42.8,93.45,24.96,52,100,2.28
830,Ignalina,LT,2021-12-20 19:36:45,55.35,26.1667,15.31,64,91,11.18
831,Clonakilty,IE,2021-12-20 19:36:45,51.6231,-8.8706,44.1,81,100,17.05
832,San Ramon,US,2021-12-20 19:36:46,37.7799,-121.978,55.09,78,1,1.99
833,Chapais,CA,2021-12-20 19:36:46,49.7834,-74.8492,13.78,93,100,11.97
834,Yuncheng,CN,2021-12-20 19:36:46,35.0231,110.9928,39.25,39,0,2.42
835,Gobabis,NA,2021-12-20 19:36:47,-22.45,18.9667,67.03,72,38,7.67
836,Neryungri,RU,2021-12-20 19:36:47,56.6709,124.6491,-38.63,99,100,2.48
837,Oriximina,BR,2021-12-20 19:36:48,-1.7656,-55.8661,81.43,79,100,1.7
838,Cauquenes,CL,2021-12-20 19:36:48,-35.9671,-72.3225,93.16,13,0,15.82
839,Ippy,CF,2021-12-20 19:36:49,6.2679,21.2247,81.09,31,78,4.05
840,Darab,IR,2021-12-20 19:36:50,28.7519,54.5444,58.1,50,53,3.36
841,Zhangye,CN,2021-12-20 19:36:50,38.9342,100.4517,25.5,42,0,3.09
842,Zaraza,VE,2021-12-20 19:36:51,9.3503,-65.3245,87.3,50,100,7.16
843,Beinamar,TD,2021-12-20 19:36:51,8.6698,15.3813,76.17,25,12,5.08
844,Yuancheng,CN,2021-12-20 19:36:51,36.652,107.7896,33.4,28,0,4.14
845,Zharkent,KZ,2021-12-20 19:36:52,44.1628,80.0,34.09,65,86,4.0
846,Hamilton,US,2021-12-20 19:36:52,39.1834,-84.5333,45.64,61,1,1.01
847,Shaunavon,CA,2021-12-20 19:36:53,49.6501,-108.4181,6.58,81,100,9.37
848,Sorong,ID,2021-12-20 19:36:53,-0.8833,131.25,79.63,83,94,2.82
849,Udachnyy,RU,2021-12-20 19:36:53,66.4167,112.4,-15.56,75,100,9.31
850,Moose Factory,CA,2021-12-20 19:36:54,51.2585,-80.6094,19.4,79,90,16.11
851,Truth Or Consequences,US,2021-12-20 19:34:23,33.1284,-107.2528,52.92,17,0,1.39
852,Kendari,ID,2021-12-20 19:36:54,-3.945,122.4989,75.29,94,100,3.76
853,Awbari,LY,2021-12-20 19:36:55,26.5921,12.7805,50.04,40,0,6.44
854,Desaguadero,PE,2021-12-20 19:36:56,-16.5656,-69.0417,49.5,72,100,5.39
855,Ojinaga,MX,2021-12-20 19:36:56,29.5667,-104.4167,63.57,54,1,5.75
856,Sosnytsya,UA,2021-12-20 19:36:56,51.5239,32.4999,24.42,72,96,11.12
857,Jinka,ET,2021-12-20 19:36:57,5.65,36.65,67.23,68,100,1.86
858,Nsanje,MW,2021-12-20 19:36:57,-16.92,35.262,73.99,90,44,3.36
859,Katobu,ID,2021-12-20 19:36:57,-4.9408,122.5276,76.26,93,100,2.28
860,Guangshui,CN,2021-12-20 19:36:58,31.6199,113.9978,46.71,50,0,2.59
861,Xinzhou,CN,2021-12-20 19:36:58,38.4092,112.7333,30.09,39,0,1.59
862,Qostanay,KZ,2021-12-20 19:36:59,53.1667,63.5833,24.12,88,100,15.84
863,Menongue,AO,2021-12-20 19:36:59,-14.6585,17.691,68.32,72,95,3.69
864,Ciudad Bolivar,VE,2021-12-20 19:37:00,8.1222,-63.5497,86.38,58,100,11.5
865,Xiongzhou,CN,2021-12-20 19:37:00,25.1167,114.3,50.14,96,100,2.59
866,Shache,CN,2021-12-20 19:37:00,38.4167,77.2406,31.14,43,100,3.15
867,Kuruman,ZA,2021-12-20 19:37:01,-27.4524,23.4325,76.06,41,100,9.37
868,Stockton-On-Tees,GB,2021-12-20 19:33:43,54.5685,-1.3187,41.49,87,75,2.3
869,Riyadh,SA,2021-12-20 19:37:01,24.6877,46.7219,73.54,39,62,12.73
870,Tiruvallur,IN,2021-12-20 19:37:02,13.15,79.9167,76.64,87,6,5.91
871,Kutum,SD,2021-12-20 19:37:02,14.2,24.6667,61.29,25,0,11.54
872,Cervo,ES,2021-12-20 19:37:02,43.6702,-7.4101,54.97,77,99,5.53
873,Shitanjing,CN,2021-12-20 19:37:03,39.2342,106.3439,32.61,16,0,6.42
874,Merauke,ID,2021-12-20 19:37:03,-8.4667,140.3333,78.75,83,59,3.29
875,Ossora,RU,2021-12-20 19:38:04,59.2353,163.0719,-0.42,94,91,6.17
876,Inirida,CO,2021-12-20 19:38:04,3.8653,-67.9239,81.32,91,89,3.53
877,Bahia Blanca,AR,2021-12-20 19:38:05,-38.7196,-62.2724,83.52,39,100,15.97
878,Krasnokamensk,RU,2021-12-20 19:38:05,50.0979,118.0369,-13.54,84,0,4.16
879,Pandan,PH,2021-12-20 19:38:05,14.0453,124.1694,78.17,89,100,10.89
880,Calvia,ES,2021-12-20 19:38:06,39.5657,2.5062,52.41,82,60,9.24
881,Halifax,CA,2021-12-20 19:37:58,44.6453,-63.5724,28.4,74,90,1.99
882,Nueve De Julio,AR,2021-12-20 19:38:06,-35.4444,-60.8831,97.25,18,3,11.41
883,Lakes Entrance,AU,2021-12-20 19:38:06,-37.8811,147.981,57.16,84,9,4.7
884,Langsa,ID,2021-12-20 19:38:08,4.4683,97.9683,73.76,98,99,3.15
885,Yarkovo,RU,2021-12-20 19:38:08,57.4028,67.0786,18.34,89,100,7.67
886,Leshukonskoye,RU,2021-12-20 19:38:09,64.8989,45.7622,3.83,93,100,6.67
887,Ilo,PE,2021-12-20 19:38:09,-17.6394,-71.3375,69.85,74,21,5.84
888,Celestun,MX,2021-12-20 19:38:09,20.8667,-90.4,79.39,76,33,14.18
889,Corrales,US,2021-12-20 19:38:10,35.2378,-106.6067,57.74,21,1,1.01
890,Orangeburg,US,2021-12-20 19:38:10,33.4918,-80.8557,45.91,60,1,12.66
891,Lastoursville,GA,2021-12-20 19:38:10,-0.8143,12.7287,76.6,88,56,0.85
892,Dillon,US,2021-12-20 19:38:11,34.4166,-79.3712,48.25,38,100,10.25
893,Sao Jose Da Coroa Grande,BR,2021-12-20 19:38:11,-8.8978,-35.1478,81.91,72,30,10.07
894,Samana,DO,2021-12-20 19:38:11,19.2056,-69.3369,86.22,74,20,6.91
895,Campechuela,CU,2021-12-20 19:38:12,20.2342,-77.2789,84.67,50,1,7.4
896,Shenkursk,RU,2021-12-20 19:38:12,62.1091,42.896,-2.02,96,100,7.4
897,Oussouye,SN,2021-12-20 19:38:12,12.485,-16.5469,82.58,28,94,9.57
898,Kijang,KR,2021-12-20 19:38:13,35.2442,129.2139,35.33,75,0,8.63
899,Ouegoa,NC,2021-12-20 19:38:13,-20.35,164.4333,80.44,78,5,2.68
900,Furth Im Wald,DE,2021-12-20 19:38:13,49.3097,12.84,32.68,86,18,1.39
901,Kantang,TH,2021-12-20 19:38:14,7.4054,99.5156,74.75,91,100,5.32
902,Palmas,BR,2021-12-20 19:38:14,-10.2128,-48.3603,82.27,78,40,4.61
903,Kochkurovo,RU,2021-12-20 19:38:15,54.0358,45.4184,14.32,95,53,6.67
904,Le Port,RE,2021-12-20 19:38:15,-20.9373,55.2919,78.8,99,97,1.5
905,Gigmoto,PH,2021-12-20 19:38:16,13.7796,124.39,78.82,88,100,10.16
906,Coquimbo,CL,2021-12-20 19:38:16,-29.9533,-71.3436,64.13,77,75,12.66
907,Derzhavinsk,KZ,2021-12-20 19:38:17,51.1,66.3167,19.71,96,100,8.72
908,Blagoyevo,RU,2021-12-20 19:38:17,63.3667,47.9167,-2.7,95,100,6.04
909,Saint-Leu,RE,2021-12-20 19:38:17,-21.15,55.2833,77.86,99,95,10.87
910,Venice,US,2021-12-20 19:38:18,27.0998,-82.4543,79.99,74,75,7.0
911,Margherita,IN,2021-12-20 19:38:18,27.2833,95.6833,56.08,79,0,2.08
912,Tiarei,PF,2021-12-20 19:38:19,-17.5333,-149.3333,84.22,72,36,9.73
913,Yuza,JP,2021-12-20 19:38:19,39.0,139.9167,49.84,70,82,21.5
914,Zalantun,CN,2021-12-20 19:38:19,48.0,122.7167,-2.85,63,0,19.77
915,Elverum,NO,2021-12-20 19:38:20,60.8819,11.5623,21.06,98,100,1.03
916,Katangli,RU,2021-12-20 19:38:20,51.7102,143.2326,-6.79,99,96,5.1
917,Colares,PT,2021-12-20 19:39:20,38.7992,-9.4469,63.82,84,75,1.01
918,Juba,SS,2021-12-20 19:39:21,4.8517,31.5825,80.8,57,100,3.96
919,Poum,NC,2021-12-20 19:39:21,-20.2333,164.0167,79.9,81,7,7.29
920,Nusaybin,TR,2021-12-20 19:39:22,37.0778,41.2178,45.66,85,100,1.32
921,Uray,RU,2021-12-20 19:39:22,60.1247,64.7758,7.68,96,100,6.55
922,Tautira,PF,2021-12-20 19:39:22,-17.7333,-149.15,84.22,72,52,7.76
923,Arman,RU,2021-12-20 19:39:23,59.7,150.1667,5.02,95,100,6.73
924,San Carlos De Bariloche,AR,2021-12-20 19:39:23,-41.1456,-71.3082,82.15,15,20,23.02
925,Jipijapa,EC,2021-12-20 19:39:23,-1.3333,-80.5833,78.3,73,100,7.14
926,Ponta Delgada,PT,2021-12-20 19:39:24,37.7333,-25.6667,57.92,77,75,14.97
927,Conceicao Do Araguaia,BR,2021-12-20 19:39:24,-8.2578,-49.2647,83.35,81,97,2.86
928,Sovetskaya Gavan,RU,2021-12-20 19:39:25,48.9723,140.2878,-1.07,93,100,4.68
929,Jesup,US,2021-12-20 19:37:39,31.6074,-81.8854,50.68,71,40,5.75
930,Tres Palos,MX,2021-12-20 19:39:25,18.1833,-101.6167,84.81,37,55,4.38
931,Abyek,IR,2021-12-20 19:39:25,36.0667,50.55,40.66,73,99,16.96
932,Rumoi,JP,2021-12-20 19:39:26,43.9344,141.6428,27.57,90,93,5.06
933,Goedereede,NL,2021-12-20 19:39:26,51.8175,3.9806,42.96,72,19,9.78
934,Ozuluama,MX,2021-12-20 19:39:26,21.6667,-97.85,61.86,74,100,4.63
935,Mikumi,TZ,2021-12-20 19:39:27,-7.4041,36.9831,71.06,93,14,3.91
936,Zarnovica,SK,2021-12-20 19:39:27,48.4812,18.7157,35.67,91,52,6.13
937,Bela,IN,2021-12-20 19:39:28,25.9333,81.9833,51.42,32,92,4.59
938,Shiyan,CN,2021-12-20 19:39:28,32.6475,110.7781,44.17,71,0,6.17
939,Kamaishi,JP,2021-12-20 19:39:28,39.2667,141.8833,42.13,88,97,8.97
940,Tanda,IN,2021-12-20 19:39:29,26.55,82.65,52.0,36,59,5.06
941,Maniitsoq,GL,2021-12-20 19:39:29,65.4167,-52.9,40.69,61,90,18.48
942,Fayaoue,NC,2021-12-20 19:39:29,-20.65,166.5333,80.38,81,0,4.88
943,Los Llanos De Aridane,ES,2021-12-20 19:39:30,28.6585,-17.9182,67.75,92,20,1.99
944,Hanzhong,CN,2021-12-20 19:39:30,33.0728,107.0303,40.91,70,0,1.48
945,Mackay,AU,2021-12-20 19:39:30,-21.15,149.2,72.05,94,40,4.61
946,Asfi,MA,2021-12-20 19:39:31,32.2994,-9.2372,64.72,79,98,3.69
947,Yumen,CN,2021-12-20 19:39:31,40.2833,97.2,26.69,27,8,12.57
948,Mayumba,GA,2021-12-20 19:39:32,-3.432,10.6554,78.06,93,100,7.63
949,Sydney Mines,CA,2021-12-20 19:39:32,46.2367,-60.2177,30.6,64,75,5.99
950,Nelson Bay,AU,2021-12-20 19:39:32,-32.7167,152.15,75.0,96,0,4.09
951,Clement Town,IN,2021-12-20 19:39:33,30.2667,78.0667,48.07,33,8,4.47
952,Markdorf,DE,2021-12-20 19:39:33,47.7167,9.4,34.02,94,20,3.0
953,Araouane,ML,2021-12-20 19:39:34,18.9048,-3.5265,73.63,15,88,10.13
954,Goderich,CA,2021-12-20 19:35:55,43.7501,-81.7165,36.91,75,99,18.41
955,Tongling,CN,2021-12-20 19:39:34,30.95,117.7833,47.82,52,24,5.14
956,Taiyuan,CN,2021-12-20 19:39:34,37.8694,112.5603,21.06,58,0,2.24
957,Karasuk,RU,2021-12-20 19:39:34,53.7377,78.0403,15.94,98,89,5.61
958,Orocue,CO,2021-12-20 19:39:35,4.7912,-71.3354,94.95,35,82,11.3
959,Montepuez,MZ,2021-12-20 19:35:11,-13.1256,38.9997,71.67,88,92,5.28
960,Marzuq,YE,2021-12-20 19:39:35,14.4,46.4667,63.14,74,47,4.34
961,Kuusamo,FI,2021-12-20 19:39:36,65.9667,29.1833,8.64,85,40,5.75
962,Shihezi,CN,2021-12-20 19:39:36,44.3,86.0333,23.54,80,100,3.11
963,Porbandar,IN,2021-12-20 19:40:37,21.6422,69.6093,70.0,29,2,8.66
964,Southampton,GB,2021-12-20 19:40:01,50.904,-1.4043,45.86,80,75,2.3
965,Masallatah,LY,2021-12-20 19:40:37,32.6167,14.0,54.14,52,9,8.08
966,Enkhuizen,NL,2021-12-20 19:40:38,52.7,5.2833,41.02,87,28,8.23
967,Namanga,KE,2021-12-20 19:36:03,-2.5433,36.7905,65.98,93,100,8.16
968,Bakchar,RU,2021-12-20 19:40:38,57.0186,82.0711,-2.33,94,100,4.0
969,Guymon,US,2021-12-20 19:40:38,36.6828,-101.4816,61.48,13,1,9.22
970,Meulaboh,ID,2021-12-20 19:40:39,4.1363,96.1285,75.38,92,100,1.92
971,Bubaque,GW,2021-12-20 19:40:39,11.2833,-15.8333,81.66,65,19,11.63
972,Letlhakane,BW,2021-12-20 19:40:39,-21.4167,25.5833,74.08,51,57,13.49
973,Komsomolets,KZ,2021-12-20 19:40:40,53.7453,62.0708,25.2,88,100,16.42
974,Lujiang,CN,2021-12-20 19:40:40,31.2581,117.2817,41.05,50,99,6.13
975,Guiratinga,BR,2021-12-20 19:40:41,-16.3494,-53.7583,77.11,90,100,8.37
976,Whitianga,NZ,2021-12-20 19:40:41,-36.8333,175.7,71.02,67,100,7.31
977,Izberbash,RU,2021-12-20 19:40:41,42.5696,47.8645,41.09,73,48,11.99
978,Portsmouth,GB,2021-12-20 19:40:42,50.799,-1.0913,45.97,82,100,4.0
979,Salamiyah,SY,2021-12-20 19:40:42,35.0113,37.0532,48.43,80,18,22.35
980,Soubre,CI,2021-12-20 19:40:42,5.7856,-6.6083,79.23,74,77,3.65
981,Warrnambool,AU,2021-12-20 19:40:43,-38.3833,142.4833,57.81,74,100,13.67
982,Uniontown,US,2021-12-20 19:40:43,39.9001,-79.7164,45.57,34,0,1.01
983,Ankang,CN,2021-12-20 19:40:43,32.68,109.0172,43.03,72,0,2.33
984,Limon,CR,2021-12-20 19:40:44,10.0,-83.0333,84.09,74,75,4.61
985,Ust-Kuyga,RU,2021-12-20 19:40:44,70.0167,135.6,-26.46,97,100,8.1
986,Dusti,TJ,2021-12-20 19:40:44,37.3481,68.664,43.52,71,0,6.46
987,Olinda,BR,2021-12-20 19:40:45,-8.0089,-34.8553,83.93,70,40,10.36
988,Oktyabrskoye,RU,2021-12-20 19:40:45,43.0645,44.7417,28.54,100,13,6.71
989,Smidovich,RU,2021-12-20 19:40:45,48.6,133.8167,1.02,97,97,7.38
990,Amuntai,ID,2021-12-20 19:40:46,-2.4177,115.2494,72.7,99,100,0.67
991,Kemlya,RU,2021-12-20 19:40:46,54.6963,45.2424,13.95,95,66,6.44
992,Summerville,US,2021-12-20 19:38:29,33.0185,-80.1757,49.89,63,1,1.01
993,Igarka,RU,2021-12-20 19:40:47,67.4667,86.5833,-39.6,99,64,3.04
994,Nuuk,GL,2021-12-20 19:40:37,64.1835,-51.7216,34.65,67,58,11.74
995,Anadyr,RU,2021-12-20 19:40:47,64.75,177.4833,-17.9,68,0,8.01
996,Seymchan,RU,2021-12-20 19:40:48,62.8833,152.4333,-53.59,98,89,0.29
997,Kachug,RU,2021-12-20 19:40:48,53.9606,105.8817,-28.73,98,6,2.01
998,Saint-Prosper,CA,2021-12-20 19:40:48,46.2117,-70.4811,19.69,62,90,5.5
999,Butterworth,MY,2021-12-20 19:40:49,5.3991,100.3638,80.01,84,20,3.0
1000,Havelock,US,2021-12-20 19:40:49,34.8791,-76.9013,50.99,71,1,4.0
1001,Hatillo,PR,2021-12-20 19:40:50,18.4863,-66.8254,84.2,80,35,8.01
1002,Verkh-Usugli,RU,2021-12-20 19:40:50,52.7,115.1667,-20.65,90,3,2.8
1003,Healdsburg,US,2021-12-20 19:40:50,38.6105,-122.8692,52.02,74,90,3.0
1004,Camabatela,AO,2021-12-20 19:40:51,-8.1881,15.375,64.62,96,100,0.45
1005,Gondar,ET,2021-12-20 19:40:51,12.6,37.4667,59.5,73,46,2.91
1006,Pemba,MZ,2021-12-20 19:40:51,-12.974,40.5178,81.3,83,75,3.44
1007,San Policarpo,PH,2021-12-20 19:40:52,12.1791,125.5072,79.47,85,100,11.1
1008,Ebensee,AT,2021-12-20 19:40:52,47.8072,13.779,32.68,92,43,3.15
1009,Mlonggo,ID,2021-12-20 19:40:52,-6.5333,110.7,74.52,83,100,8.39
1010,Krasnyy Chikoy,RU,2021-12-20 19:40:53,50.3643,108.7512,-7.92,97,79,0.76
1011,Teluk Nibung,ID,2021-12-20 19:41:53,3.001,99.8164,75.42,95,100,3.67
1012,Nsoko,SZ,2021-12-20 19:41:54,-27.0333,31.95,68.74,87,98,3.15
1013,Hagere Selam,ET,2021-12-20 19:41:54,6.4833,38.5167,48.65,94,100,4.12
1014,Collie,AU,2021-12-20 19:41:55,-33.3667,116.15,57.97,83,100,6.35
1015,Zambezi,ZM,2021-12-20 19:41:55,-13.5432,23.1047,69.15,87,100,4.79
1016,Whitehorse,CA,2021-12-20 19:40:51,60.7161,-135.0538,0.37,85,90,10.36
1017,Shingu,JP,2021-12-20 19:41:56,33.7333,135.9833,39.9,80,47,6.08
1018,Huambo,AO,2021-12-20 19:41:56,-12.7761,15.7392,63.12,87,76,1.41
1019,Chumikan,RU,2021-12-20 19:41:57,54.7183,135.315,-25.44,89,30,4.61
1020,Saint-Augustin,CA,2021-12-20 19:41:57,51.226,-58.6502,8.82,73,0,13.06
1021,Saint-Denis,FR,2021-12-20 19:41:58,48.9167,2.3333,43.09,72,90,3.0
1022,Latung,PH,2021-12-20 19:41:59,5.5,120.8833,82.83,77,100,14.76
1023,Valentin Gomez Farias,MX,2021-12-20 19:41:59,28.2167,-106.5833,57.65,23,0,0.65
1024,Port-Gentil,GA,2021-12-20 19:42:00,-0.7193,8.7815,82.36,83,75,10.36
1025,Ndele,CF,2021-12-20 19:42:00,8.4109,20.6473,78.94,28,34,5.12
1026,Puerto Leguizamo,CO,2021-12-20 19:42:00,-0.1934,-74.7819,92.48,44,100,4.29
1027,Kaitong,CN,2021-12-20 19:42:01,44.8135,123.15,4.3,71,0,11.83
1028,Pokhara,NP,2021-12-20 19:39:03,28.2333,83.9833,50.63,33,5,5.82
1029,Tomatlan,MX,2021-12-20 19:42:01,19.9333,-105.25,94.46,25,93,7.74
1030,Segovia,ES,2021-12-20 19:42:02,41.1667,-4.0,43.83,83,100,4.21
1031,Odienne,CI,2021-12-20 19:42:02,9.51,-7.5692,76.96,22,22,4.68
1032,Morant Bay,JM,2021-12-20 19:42:02,17.8815,-76.4093,85.62,62,0,9.04
1033,Dryden,CA,2021-12-20 19:41:36,49.7833,-92.7503,1.69,66,75,19.57
1034,Murray Bridge,AU,2021-12-20 19:42:03,-35.1167,139.2667,58.57,88,1,4.03
1035,Pandharpur,IN,2021-12-20 19:42:03,17.6667,75.3333,65.86,45,0,7.23
1036,Salinas,US,2021-12-20 19:42:03,36.6777,-121.6555,57.83,66,1,16.11
1037,Starokozache,UA,2021-12-20 19:42:04,46.3372,29.9853,35.28,84,40,12.48
1038,Chitral,PK,2021-12-20 19:42:04,35.8462,71.7858,38.48,47,13,6.38
1039,Ayorou,NE,2021-12-20 19:42:04,14.7308,0.9174,72.27,12,58,11.05
1040,Thinadhoo,MV,2021-12-20 19:42:05,0.5333,72.9333,80.47,81,100,5.01
1041,Muros,ES,2021-12-20 19:42:05,42.7762,-9.0603,58.23,84,100,9.37
